id,long,lat,Mode,fid,h3,Commune,CodeCom
node/21141275,-6.8448318100,34.0287383100,bus,21769,8839a864a1fffff,Hassan,5
node/444366969,-6.7849928100,34.0473091100,bus,6063,8839ab916bfffff,Tabriquet,9
node/1131054015,-6.7848103100,34.0474758100,bus,6063,8839ab916bfffff,Tabriquet,9
node/1311854956,-6.8642711100,33.9826360100,tram,21731,8839a865bdfffff,Agdal Riyad,1
node/1311857650,-6.8608962100,33.9861401100,tram,21737,8839a865b1fffff,Agdal Riyad,1
node/1311859342,-6.8492608100,33.9972128100,tram,21748,8839a86597fffff,Agdal Riyad,1
node/1311859666,-6.8439142100,33.9997104100,tram,21748,8839a86597fffff,Agdal Riyad,1
node/1311863524,-6.8266195100,34.0193332100,tram,5638,8839ab9a49fffff,Hassan,5
node/1385104795,-6.8162902100,34.0379406100,tram,21763,8839a864b1fffff,Bab Lamrissa,3
node/1385104799,-6.8154402100,34.0408635100,tram,21759,8839a864b9fffff,Bab Lamrissa,3
node/1385104813,-6.7944199100,34.0541451100,tram,21775,8839a86493fffff,Tabriquet,9
node/1385104814,-6.8009223100,34.0475870100,tram,21773,8839a86497fffff,Tabriquet,9
node/1385104815,-6.8114080100,34.0431551100,tram,21758,8839a864bbfffff,Tabriquet,9
node/1385104817,-6.8252548100,34.0249857100,tram,5638,8839ab9a49fffff,Hassan,5
node/1385104828,-6.8067974100,34.0454620100,tram,21758,8839a864bbfffff,Tabriquet,9
node/1385128920,-6.8126047100,34.0354648100,tram,21763,8839a864b1fffff,Tabriquet,9
node/1385128927,-6.8579424100,33.9892135100,tram,21733,8839a865b9fffff,Agdal Riyad,1
node/1385128949,-6.8522856100,33.9951970100,tram,21732,8839a865bbfffff,Agdal Riyad,1
node/1385128950,-6.8500026100,34.0187958100,tram,21747,8839a86599fffff,Hassan,5
node/1385128952,-6.7996531100,34.0346707100,tram,21762,8839a864b3fffff,Bettana,5
node/1385128955,-6.8430878100,34.0044765100,tram,21750,8839a86593fffff,Agdal Riyad,1
node/1385128965,-6.8591491100,34.0107721100,tram,21745,8839a8659dfffff,Hassan,5
node/1385128984,-6.8429430100,34.0206763100,tram,21767,8839a864a5fffff,Hassan,5
node/1385128993,-6.8546570100,34.0161444100,tram,21747,8839a86599fffff,Hassan,5
node/1385129014,-6.8314238100,34.0188651100,tram,5638,8839ab9a49fffff,Hassan,5
node/1385129016,-6.8066771100,34.0349746100,tram,21762,8839a864b3fffff,Bettana,5
node/1558969227,-7.0127349100,33.8878599100,bus,21395,8839a86f31fffff,Skhirate,5
node/1631787343,-6.7362188100,33.9906017100,bus,5621,8839ab9a81fffff,Hssaine,6
node/1653197100,-6.8314338100,34.0180330100,tram,5636,8839ab9a4dfffff,Hassan,5
node/1653197101,-6.8341586100,34.0236639100,tram,21766,8839a864a7fffff,Hassan,5
node/1653197102,-6.8393711100,34.0117427100,tram,21746,8839a8659bfffff,Agdal Riyad,1
node/1653197103,-6.8429610100,34.0090720100,tram,21750,8839a86593fffff,Agdal Riyad,1
node/1653197107,-6.8388914100,34.0218537100,tram,21766,8839a864a7fffff,Hassan,5
node/1653197109,-6.8361443100,34.0159983100,tram,5636,8839ab9a4dfffff,Hassan,5
node/1654142232,-6.8221635100,34.0253870100,tram,21761,8839a864b5fffff,Hassan,5
node/1654158466,-6.8193913100,34.0321416100,tram,21761,8839a864b5fffff,Bab Lamrissa,3
node/1700427465,-6.9289854100,33.9481383100,bus,21403,8839a86ee3fffff,Harhoura,3
node/1700427704,-6.9752169100,33.9138727100,bus,21591,8839a86c41fffff,Harhoura,3
node/1770217635,-6.9252418100,33.8997472100,bus,21609,8839a86c17fffff,Témara,7
node/1824603746,-6.8532329100,33.9851300100,bus,21737,8839a865b1fffff,Agdal Riyad,1
node/1824603809,-6.8504989100,33.9854626100,bus,21736,8839a865b3fffff,Agdal Riyad,1
node/1824603859,-6.8521994100,33.9849110100,taxi,21737,8839a865b1fffff,Agdal Riyad,1
node/1824603869,-6.8495870100,33.9833808100,taxi,21736,8839a865b3fffff,Souissi,6
node/1824603870,-6.8500376100,33.9854804100,bus,21736,8839a865b3fffff,Agdal Riyad,1
node/1824603937,-6.8537551100,33.9873930100,taxi,21737,8839a865b1fffff,Agdal Riyad,1
node/1867480200,-7.0392855100,33.8545497100,train,21714,8839a86897fffff,Skhirate,5
node/2562113443,-6.8212216100,33.9738392100,bus,5649,8839ab9a2dfffff,El Youssoufia,3
node/2572775481,-6.9307933100,33.9174789100,train,21419,8839a86ea5fffff,Témara,7
node/2671776678,-6.7677545100,34.0780361100,bus,5974,8839ab9337fffff,Layayda,7
node/2671777021,-6.7676851100,34.0778708100,bus,5974,8839ab9337fffff,Layayda,7
node/2817076543,-6.7677144100,34.0780634100,bus,5974,8839ab9337fffff,Layayda,7
node/2819226556,-6.8367276100,34.0159847100,train,5636,8839ab9a4dfffff,Hassan,5
node/2972378141,-6.8221365100,34.0254174100,tram,21761,8839a864b5fffff,Hassan,5
node/2972378149,-6.8114264100,34.0431871100,tram,21758,8839a864bbfffff,Tabriquet,9
node/2972388834,-6.8009612100,34.0476004100,tram,21773,8839a86497fffff,Tabriquet,9
node/2972388882,-6.8154726100,34.0408912100,tram,21759,8839a864b9fffff,Bab Lamrissa,3
node/2972388898,-6.8163239100,34.0379448100,tram,21763,8839a864b1fffff,Bab Lamrissa,3
node/2972388903,-6.8253480100,34.0253468100,tram,5638,8839ab9a49fffff,Hassan,5
node/2995242953,-6.9001818100,33.9295703100,bus,21412,8839a86eb5fffff,Témara,7
node/3150442158,-6.9080962100,33.9246501100,bus,21546,8839a86cc9fffff,Témara,7
node/3150442159,-6.8648031100,33.9538409100,bus,5550,8839ab9b45fffff,Agdal Riyad,1
node/3150442160,-6.8740244100,33.9601037100,bus,5546,8839ab9b4dfffff,Agdal Riyad,1
node/3150442161,-6.8697816100,33.9487291100,bus,5534,8839ab9b6bfffff,Agdal Riyad,1
node/3150442162,-6.8470794100,33.9965465100,bus,21748,8839a86597fffff,Agdal Riyad,1
node/3150442163,-6.8911826100,33.9294343100,bus,21411,8839a86eb7fffff,Témara,7
node/3150442164,-6.8412568100,34.0229869100,bus,21766,8839a864a7fffff,Hassan,5
node/3150442165,-6.8730173100,33.9605728100,bus,5546,8839ab9b4dfffff,Agdal Riyad,1
node/3150442167,-6.9212347100,33.8910199100,bus,21531,8839a86cedfffff,Témara,7
node/3150442168,-6.9217242100,33.8817197100,bus,21535,8839a86ce5fffff,Témara,7
node/3150442169,-6.9218364100,33.8866698100,bus,21531,8839a86cedfffff,Témara,7
node/3150442170,-6.8967624100,33.9270349100,bus,21411,8839a86eb7fffff,Témara,7
node/3150442171,-6.8386874100,34.0149252100,bus,21746,8839a8659bfffff,Agdal Riyad,1
node/3150442172,-6.8841427100,33.9359717100,bus,21413,8839a86eb3fffff,Témara,7
node/3150442173,-6.9060661100,33.9273766100,bus,21412,8839a86eb5fffff,Témara,7
node/3150442174,-6.9119885100,33.9161153100,bus,21544,8839a86ccdfffff,Témara,7
node/3150442175,-6.8701009100,33.9661077100,bus,5546,8839ab9b4dfffff,Agdal Riyad,1
node/3150442176,-6.8563964100,33.9821876100,bus,21737,8839a865b1fffff,Agdal Riyad,1
node/3150442177,-6.8407885100,34.0109017100,bus,21746,8839a8659bfffff,Agdal Riyad,1
node/3150442178,-6.8514092100,33.9886039100,bus,21732,8839a865bbfffff,Agdal Riyad,1
node/3150442180,-6.8502589100,33.9954524100,bus,21732,8839a865bbfffff,Agdal Riyad,1
node/3150442182,-6.9210556100,33.9023298100,bus,21611,8839a86c13fffff,Témara,7
node/3150442183,-6.9184682100,33.9086558100,bus,21611,8839a86c13fffff,Témara,7
node/3150442184,-6.9023462100,33.9287485100,bus,21412,8839a86eb5fffff,Témara,7
node/3150442186,-6.9101343100,33.9195191100,bus,21546,8839a86cc9fffff,Témara,7
node/3150442187,-6.9159161100,33.9110351100,bus,21544,8839a86ccdfffff,Témara,7
node/3150442188,-6.8698613100,33.9579289100,bus,5550,8839ab9b45fffff,Agdal Riyad,1
node/3150442189,-6.9207022100,33.9065982100,bus,21611,8839a86c13fffff,Témara,7
node/3150442194,-6.9136289100,33.9135816100,bus,21544,8839a86ccdfffff,Témara,7
node/3150442195,-6.9087626100,33.9229124100,bus,21546,8839a86cc9fffff,Témara,7
node/3150442196,-6.8666526100,33.9514702100,bus,5534,8839ab9b6bfffff,Agdal Riyad,1
node/3150442198,-6.8751236100,33.9600973100,bus,5546,8839ab9b4dfffff,Agdal Riyad,1
node/3150442199,-6.8627324100,33.9755731100,bus,21735,8839a865b5fffff,Agdal Riyad,1
node/3150442200,-6.8393624100,34.0181112100,bus,21766,8839a864a7fffff,Agdal Riyad,1
node/3586353518,-6.8313526100,34.0225569100,taxi,21766,8839a864a7fffff,Hassan,5
node/3586376540,-6.8550134100,34.0016744100,taxi,21749,8839a86595fffff,Agdal Riyad,1
node/3586376541,-6.8550267100,34.0013682100,bus,21749,8839a86595fffff,Agdal Riyad,1
node/3586376542,-6.8552412100,34.0014315100,bus,21749,8839a86595fffff,Agdal Riyad,1
node/3586378582,-6.8518059100,34.0076949100,bus,21751,8839a86591fffff,Agdal Riyad,1
node/3586378583,-6.8518597100,34.0078757100,bus,21751,8839a86591fffff,Agdal Riyad,1
node/3586387006,-6.8527809100,34.0088447100,bus,21751,8839a86591fffff,Agdal Riyad,1
node/3586496249,-6.8044077100,34.0519211100,bus,21773,8839a86497fffff,Tabriquet,9
node/3586496250,-6.8132437100,34.0353908100,bus,21763,8839a864b1fffff,Bettana,5
node/3586496251,-6.7978164100,34.0578583100,bus,21775,8839a86493fffff,Tabriquet,9
node/3586496252,-6.8043087100,34.0518514100,bus,21773,8839a86497fffff,Tabriquet,9
node/3586496253,-6.7960569100,34.0567719100,bus,21775,8839a86493fffff,Tabriquet,9
node/3586510199,-6.7855395100,34.0591109100,bus,6080,8839ab9145fffff,Tabriquet,9
node/3586510200,-6.7885704100,34.0575898100,bus,6080,8839ab9145fffff,Tabriquet,9
node/3586516918,-6.7828500100,34.0609935100,bus,6082,8839ab9141fffff,Tabriquet,9
node/3586516919,-6.7820513100,34.0618673100,taxi,6082,8839ab9141fffff,Tabriquet,9
node/3586521111,-6.7746042100,34.0704302100,bus,6077,8839ab914bfffff,Layayda,7
node/3586521112,-6.7782612100,34.0673087100,bus,6077,8839ab914bfffff,Layayda,7
node/3586618969,-6.7676225100,34.0778754100,bus,5974,8839ab9337fffff,Layayda,7
node/3593108778,-6.8547363100,33.9937399100,bus,21732,8839a865bbfffff,Agdal Riyad,1
node/3593108779,-6.8554257100,33.9937711100,bus,21733,8839a865b9fffff,Agdal Riyad,1
node/3593340052,-6.8520272100,34.0044568100,bus,21751,8839a86591fffff,Agdal Riyad,1
node/3674168625,-6.7936006100,34.0549507100,bus,21775,8839a86493fffff,Tabriquet,9
node/3674168626,-6.7934696100,34.0548162100,bus,21775,8839a86493fffff,Tabriquet,9
node/3674171945,-6.8581844100,33.9946043100,bus,21733,8839a865b9fffff,Agdal Riyad,1
node/3696236724,-6.8309891100,34.0223507100,bus,5638,8839ab9a49fffff,Hassan,5
node/3696236925,-6.8274185100,34.0242172100,bus,5638,8839ab9a49fffff,Hassan,5
node/3696238694,-6.8147636100,34.0356044100,bus,21763,8839a864b1fffff,Tabriquet,9
node/3696241011,-6.8068089100,34.0348795100,bus,21762,8839a864b3fffff,Bettana,5
node/3696242866,-6.7789836100,34.0671191100,bus,6082,8839ab9141fffff,Tabriquet,9
node/3696242867,-6.7827046100,34.0618642100,bus,6082,8839ab9141fffff,Tabriquet,9
node/3784849374,-6.7844233100,34.0475278100,taxi,6063,8839ab916bfffff,Tabriquet,9
node/4332674678,-6.9188391100,33.9050189100,bus,21611,8839a86c13fffff,Témara,7
node/4332674679,-6.9189520100,33.9052551100,bus,21611,8839a86c13fffff,Témara,7
node/4332674680,-6.9106720100,33.9125516100,bus,21544,8839a86ccdfffff,Témara,7
node/4332674681,-6.9108260100,33.9126550100,bus,21544,8839a86ccdfffff,Témara,7
node/4363428690,-6.8565996100,33.9598104100,bus,5551,8839ab9b43fffff,Agdal Riyad,1
node/4460652430,-6.8747320100,33.9798740100,bus,21743,8839a865a3fffff,Yacoub El Mansour,9
node/4460652431,-6.8682518100,33.9898400100,bus,21753,8839a86587fffff,Yacoub El Mansour,9
node/4510444089,-6.8513297100,33.9999425100,bus,21749,8839a86595fffff,Agdal Riyad,1
node/4510444189,-6.8495868100,34.0005629100,taxi,21749,8839a86595fffff,Agdal Riyad,1
node/4592815883,-6.8492728100,33.9972452100,tram,21748,8839a86597fffff,Agdal Riyad,1
node/4592815884,-6.8394036100,34.0117606100,tram,21746,8839a8659bfffff,Agdal Riyad,1
node/4592815885,-6.8430008100,34.0090849100,tram,21750,8839a86593fffff,Agdal Riyad,1
node/4592815886,-6.8609320100,33.9861577100,tram,21737,8839a865b1fffff,Agdal Riyad,1
node/4592815887,-6.8431222100,34.0044523100,tram,21750,8839a86593fffff,Agdal Riyad,1
node/4592815888,-6.8523222100,33.9952137100,tram,21732,8839a865bbfffff,Agdal Riyad,1
node/4592816489,-6.8643068100,33.9826536100,tram,21731,8839a865bdfffff,Agdal Riyad,1
node/4592816490,-6.8361553100,34.0160237100,tram,5636,8839ab9a4dfffff,Hassan,5
node/4592816491,-6.8439616100,33.9997079100,tram,21748,8839a86597fffff,Agdal Riyad,1
node/4592816492,-6.8314520100,34.0180628100,tram,5636,8839ab9a4dfffff,Hassan,5
node/4592889789,-6.8125809100,34.0354956100,tram,21763,8839a864b1fffff,Tabriquet,9
node/4592889790,-6.8341781100,34.0236958100,tram,21766,8839a864a7fffff,Hassan,5
node/4592889791,-6.8429486100,34.0206916100,tram,21767,8839a864a5fffff,Hassan,5
node/4592889792,-6.8194219100,34.0321537100,tram,21761,8839a864b5fffff,Bab Lamrissa,3
node/4592889793,-6.8066780100,34.0350041100,tram,21762,8839a864b3fffff,Tabriquet,9
node/4592889794,-6.7996460100,34.0347090100,tram,21762,8839a864b3fffff,Bettana,5
node/4592889795,-6.7944670100,34.0541743100,tram,21775,8839a86493fffff,Tabriquet,9
node/4592889796,-6.8591944100,34.0107980100,tram,21745,8839a8659dfffff,Hassan,5
node/4592889797,-6.8579793100,33.9892397100,tram,21733,8839a865b9fffff,Agdal Riyad,1
node/4592889798,-6.8068266100,34.0454963100,tram,21758,8839a864bbfffff,Tabriquet,9
node/4592889799,-6.8389079100,34.0218833100,tram,21766,8839a864a7fffff,Hassan,5
node/4592889800,-6.8313928100,34.0188744100,tram,5638,8839ab9a49fffff,Hassan,5
node/4592889801,-6.8500162100,34.0188127100,tram,21747,8839a86599fffff,Hassan,5
node/4592889802,-6.8546960100,34.0161618100,tram,21747,8839a86599fffff,Hassan,5
node/4592889803,-6.8266437100,34.0193649100,tram,5638,8839ab9a49fffff,Hassan,5
node/4720745494,-6.8014428100,34.0504241100,bus,21773,8839a86497fffff,Tabriquet,9
node/4986415527,-6.8178550100,34.0486367100,bus,21774,8839a86495fffff,Bab Lamrissa,3
node/4995934821,-6.8069618100,34.0351107100,bus,21762,8839a864b3fffff,Tabriquet,9
node/5289375822,-6.8347627100,34.0158626100,bus,5636,8839ab9a4dfffff,Hassan,5
node/5574347121,-6.8514314100,34.0029464100,bus,21749,8839a86595fffff,Agdal Riyad,1
node/5574349521,-6.9269710100,33.9275580100,bus,21421,8839a86ea1fffff,Témara,7
node/5769102796,-6.8420312100,34.0263371100,bus,21769,8839a864a1fffff,Hassan,5
node/5794802474,-6.7846875100,34.0434739100,bus,6068,8839ab9161fffff,Bettana,5
node/6450146831,-6.8645820100,34.0050686100,tram,21755,8839a86583fffff,Yacoub El Mansour,9
node/6450146832,-6.8645552100,34.0050461100,tram,21755,8839a86583fffff,Yacoub El Mansour,9
node/6562843098,-6.8331896100,34.0211192100,bus,21766,8839a864a7fffff,Hassan,5
node/6726659199,-6.8707587100,33.9741450100,bus,5548,8839ab9b49fffff,Agdal Riyad,1
node/6731711242,-6.7706749100,34.0189731100,bus,6094,8839ab9125fffff,Hssaine,6
node/6732642319,-6.7902013100,34.0779126100,bus,5980,8839ab9323fffff,Bab Lamrissa,3
node/6745875630,-6.9072600100,33.9696277100,bus,21407,8839a86ed1fffff,Yacoub El Mansour,9
node/6753377454,-6.8678423100,34.0008775100,tram,21755,8839a86583fffff,Yacoub El Mansour,9
node/6753377455,-6.8678955100,34.0008979100,tram,21755,8839a86583fffff,Yacoub El Mansour,9
node/6753377456,-6.8718971100,33.9953108100,tram,21753,8839a86587fffff,Yacoub El Mansour,9
node/6753377457,-6.8718332100,33.9953026100,tram,21753,8839a86587fffff,Yacoub El Mansour,9
node/6753377458,-6.8717603100,33.9914813100,tram,21753,8839a86587fffff,Yacoub El Mansour,9
node/6753377459,-6.8717315100,33.9914520100,tram,21753,8839a86587fffff,Yacoub El Mansour,9
node/6753379039,-6.9584010100,33.9258521100,bus,21580,8839a86c5dfffff,Harhoura,3
node/6757365358,-6.8792313100,33.9580553100,bus,21427,8839a86e93fffff,Agdal Riyad,1
node/6807648044,-6.8255268100,34.0138951100,bus,5641,8839ab9a41fffff,Hassan,5
node/6817166408,-7.0563593100,33.8654842100,bus,21711,8839a8689dfffff,Skhirate,5
node/6838446675,-6.7365297100,33.9883612100,bus,5621,8839ab9a81fffff,Hssaine,6
node/6847168411,-6.8550638100,34.0014189100,bus,21749,8839a86595fffff,Agdal Riyad,1
node/6988270404,-6.8361348100,34.0227601100,bus,21766,8839a864a7fffff,Hassan,5
node/7213813771,-6.7932936100,34.0342714100,tram,6066,8839ab9165fffff,Bettana,5
node/7213813772,-6.7933014100,34.0342340100,tram,6066,8839ab9165fffff,Bettana,5
node/7446934254,-6.7869771100,34.0323899100,tram,6065,8839ab9167fffff,Bettana,5
node/7446934255,-6.7869869100,34.0323506100,tram,6065,8839ab9167fffff,Bettana,5
node/7660579360,-6.7805631100,34.0309989100,tram,6065,8839ab9167fffff,Bettana,5
node/7660579361,-6.7805492100,34.0310313100,tram,6065,8839ab9167fffff,Bettana,5
node/7660579362,-6.7740800100,34.0298716100,tram,6092,8839ab9129fffff,Hssaine,6
node/7660579363,-6.7740569100,34.0298954100,tram,6092,8839ab9129fffff,Hssaine,6
node/7660579364,-6.7679600100,34.0284829100,tram,6091,8839ab912bfffff,Hssaine,6
node/7660579365,-6.7679211100,34.0284976100,tram,6091,8839ab912bfffff,Hssaine,6
node/7660579366,-6.7624365100,34.0271336100,tram,6091,8839ab912bfffff,Hssaine,6
node/7660579367,-6.7624195100,34.0271644100,tram,6091,8839ab912bfffff,Hssaine,6
node/7660579368,-6.7589609100,34.0261882100,tram,6095,8839ab9123fffff,Hssaine,6
node/7660579369,-6.7589870100,34.0262391100,tram,6095,8839ab9123fffff,Hssaine,6
node/7660579370,-6.7536363100,34.0251349100,tram,6087,8839ab9135fffff,Hssaine,6
node/7660579371,-6.7536198100,34.0251719100,tram,6087,8839ab9135fffff,Hssaine,6
node/8191082094,-6.8425271100,34.0202169100,taxi,21767,8839a864a5fffff,Hassan,5
node/8468091121,-6.8685164100,33.9882902100,taxi,21731,8839a865bdfffff,Yacoub El Mansour,9
node/8744658300,-6.8058926100,34.0355969100,taxi,21762,8839a864b3fffff,Tabriquet,9
node/8744658301,-6.8065331100,34.0350804100,taxi,21762,8839a864b3fffff,Tabriquet,9
node/8932549959,-6.7366050100,33.9884358100,bus,5621,8839ab9a81fffff,Hssaine,6
node/8932611505,-6.7864204100,34.0813501100,bus,5980,8839ab9323fffff,Layayda,7
node/8944527995,-6.9328085100,33.8936868100,bus,21593,8839a86c3bfffff,Témara,7
node/8950936525,-6.8256177100,34.0139405100,bus,5641,8839ab9a41fffff,Hassan,5
node/8958219671,-6.8170416100,34.0350111100,bus,21763,8839a864b1fffff,Bab Lamrissa,3
node/8958219672,-6.7923603100,34.0348105100,bus,6066,8839ab9165fffff,Bettana,5
node/8958219673,-6.7921915100,34.0350176100,bus,6066,8839ab9165fffff,Bettana,5
node/8958219674,-6.7787219100,34.0309334100,bus,6092,8839ab9129fffff,Bettana,5
node/8958219675,-6.7787775100,34.0306734100,bus,6092,8839ab9129fffff,Bettana,5
node/8958219676,-6.7691658100,34.0289799100,bus,6096,8839ab9121fffff,Hssaine,6
node/8959926227,-6.7576706100,34.0260431100,bus,6095,8839ab9123fffff,Hssaine,6
node/8959926228,-6.7578691100,34.0257768100,bus,6095,8839ab9123fffff,Hssaine,6
node/8959926229,-6.7476075100,34.0222106100,bus,6087,8839ab9135fffff,Hssaine,6
node/8959926230,-6.7478583100,34.0219971100,bus,6087,8839ab9135fffff,Hssaine,6
node/8959926231,-6.7373234100,34.0153767100,bus,5585,8839ab9addfffff,Hssaine,6
node/8959926232,-6.7372764100,34.0150910100,bus,5585,8839ab9addfffff,Hssaine,6
node/8959926235,-6.7413004100,34.0084052100,bus,5595,8839ab9ac3fffff,Hssaine,6
node/8959926236,-6.7410087100,34.0082843100,bus,5595,8839ab9ac3fffff,Hssaine,6
node/8959926238,-6.7470645100,34.0033200100,bus,5593,8839ab9ac7fffff,Hssaine,6
node/8959926239,-6.7380843100,33.9957203100,bus,5617,8839ab9a89fffff,Hssaine,6
node/8959926241,-6.7397253100,33.9856278100,bus,5619,8839ab9a85fffff,Hssaine,6
node/8959926242,-6.7347042100,34.0285439100,bus,6088,8839ab9133fffff,Hssaine,6
node/8959926243,-6.7348919100,34.0285662100,bus,6088,8839ab9133fffff,Hssaine,6
node/8959926244,-6.7354048100,34.0381618100,bus,6084,8839ab913bfffff,Layayda,7
node/8959926245,-6.8288705100,34.0242786100,bus,5638,8839ab9a49fffff,Hassan,5
node/8960247611,-6.8003258100,34.0287797100,bus,5631,8839ab9a59fffff,Bettana,5
node/8960247612,-6.8004806100,34.0286855100,bus,5631,8839ab9a59fffff,Bettana,5
node/8960247614,-6.8164967100,34.0415269100,bus,21759,8839a864b9fffff,Bab Lamrissa,3
node/8960247615,-6.8166854100,34.0414954100,bus,21759,8839a864b9fffff,Bab Lamrissa,3
node/8960247616,-6.8202537100,34.0413652100,bus,21759,8839a864b9fffff,Bab Lamrissa,3
node/8960300417,-6.8204022100,34.0412449100,bus,21759,8839a864b9fffff,Bab Lamrissa,3
node/8960300418,-6.8278210100,34.0461635100,bus,21777,8839a86487fffff,Bab Lamrissa,3
node/8960300419,-6.8276923100,34.0462124100,bus,21777,8839a86487fffff,Bab Lamrissa,3
node/8960300420,-6.8223411100,34.0540649100,bus,21778,8839a86483fffff,Bab Lamrissa,3
node/8960300421,-6.8224216100,34.0540938100,bus,21778,8839a86483fffff,Bab Lamrissa,3
node/8960300422,-6.8096220100,34.0543656100,bus,21776,8839a86491fffff,Bab Lamrissa,3
node/8960300423,-6.8093900100,34.0543220100,bus,21776,8839a86491fffff,Bab Lamrissa,3
node/8960300424,-6.8039971100,34.0588714100,bus,21776,8839a86491fffff,Bab Lamrissa,3
node/8960300425,-6.8039421100,34.0586981100,bus,21776,8839a86491fffff,Bab Lamrissa,3
node/8960300427,-6.7855190100,34.0403458100,bus,6068,8839ab9161fffff,Bettana,5
node/8960300428,-6.7852792100,34.0403045100,bus,6068,8839ab9161fffff,Bettana,5
node/8960300430,-6.7907190100,34.0694509100,bus,5978,8839ab9327fffff,Bab Lamrissa,3
node/8960300431,-6.7906180100,34.0693580100,bus,5978,8839ab9327fffff,Bab Lamrissa,3
node/8960300432,-6.7827364100,34.0758163100,bus,5975,8839ab9335fffff,Layayda,7
node/8960300433,-6.7826347100,34.0757603100,bus,5975,8839ab9335fffff,Layayda,7
node/8960407127,-6.8075173100,34.0450096100,bus,21758,8839a864bbfffff,Tabriquet,9
node/8960407128,-6.8077208100,34.0452415100,bus,21758,8839a864bbfffff,Tabriquet,9
node/8960407129,-6.7925051100,34.0611659100,bus,6076,8839ab914dfffff,Tabriquet,9
node/8960407130,-6.7925242100,34.0608113100,bus,6076,8839ab914dfffff,Tabriquet,9
node/8960407131,-6.7642215100,34.0750279100,bus,5974,8839ab9337fffff,Layayda,7
node/8960407132,-6.7668571100,34.0733067100,bus,5974,8839ab9337fffff,Layayda,7
node/8960407133,-6.7833622100,34.0510738100,bus,6063,8839ab916bfffff,Tabriquet,9
node/8960407134,-6.7832066100,34.0509136100,bus,6063,8839ab916bfffff,Tabriquet,9
node/8960407135,-6.7959618100,34.0419499100,bus,6062,8839ab916dfffff,Tabriquet,9
node/8960407136,-6.7954601100,34.0415900100,bus,6062,8839ab916dfffff,Bettana,5
node/8960437127,-6.8239085100,34.0168923100,bus,5641,8839ab9a41fffff,Hassan,5
node/8968579006,-6.8395747100,34.0182214100,bus,21766,8839a864a7fffff,Agdal Riyad,1
node/8968579009,-6.8435500100,34.0017178100,bus,21748,8839a86597fffff,Agdal Riyad,1
node/8968579010,-6.8433369100,34.0014300100,bus,21748,8839a86597fffff,Agdal Riyad,1
node/8968579011,-6.8650276100,33.9818894100,bus,21731,8839a865bdfffff,Agdal Riyad,1
node/8968579012,-6.8640742100,33.9815158100,bus,21735,8839a865b5fffff,Agdal Riyad,1
node/8968579013,-6.8708745100,33.9742068100,bus,5548,8839ab9b49fffff,Agdal Riyad,1
node/8968579014,-6.8772783100,33.9650910100,bus,5546,8839ab9b4dfffff,Agdal Riyad,1
node/8968579015,-6.8790370100,33.9577051100,bus,21427,8839a86e93fffff,Agdal Riyad,1
node/8968613417,-6.8843816100,33.9467340100,bus,21425,8839a86e97fffff,Agdal Riyad,1
node/8968613418,-6.8841135100,33.9467254100,bus,21425,8839a86e97fffff,Agdal Riyad,1
node/8968613419,-6.8872325100,33.9368970100,bus,21413,8839a86eb3fffff,Témara,7
node/8968613421,-6.9058648100,33.9272380100,bus,21412,8839a86eb5fffff,Témara,7
node/8969381106,-6.7978442100,34.0508025100,bus,21773,8839a86497fffff,Tabriquet,9
node/8969381107,-6.7976820100,34.0506941100,bus,21773,8839a86497fffff,Tabriquet,9
node/8969381108,-6.7853567100,34.0589977100,bus,6080,8839ab9145fffff,Tabriquet,9
node/8969381109,-6.7737528100,34.0611210100,bus,6081,8839ab9143fffff,Layayda,7
node/8969381110,-6.7735817100,34.0609136100,bus,6081,8839ab9143fffff,Layayda,7
node/8969381112,-6.7615352100,34.0677649100,bus,6069,8839ab915dfffff,Layayda,7
node/8969381113,-6.7526697100,34.0779952100,bus,6070,8839ab915bfffff,Layayda,7
node/8969381114,-6.7524814100,34.0778997100,bus,6070,8839ab915bfffff,Layayda,7
node/8969479520,-6.7474857100,34.0691370100,bus,6074,8839ab9153fffff,Layayda,7
node/8969479521,-6.7770629100,34.0577527100,bus,6079,8839ab9147fffff,Layayda,7
node/8969479522,-6.7772238100,34.0578349100,bus,6079,8839ab9147fffff,Layayda,7
node/8969479523,-6.7919599100,34.0422296100,bus,6068,8839ab9161fffff,Bettana,5
node/8969479524,-6.7917802100,34.0421385100,bus,6068,8839ab9161fffff,Bettana,5
node/8969479525,-6.7985447100,34.0357996100,bus,6066,8839ab9165fffff,Bettana,5
node/8969479526,-6.7983569100,34.0357107100,bus,6066,8839ab9165fffff,Bettana,5
node/8969479532,-6.7753536100,34.0826385100,bus,5977,8839ab9331fffff,Layayda,7
node/8970574118,-6.7788397100,34.0470664100,bus,6063,8839ab916bfffff,Tabriquet,9
node/8970574119,-6.7914963100,34.0467422100,bus,6064,8839ab9169fffff,Bettana,5
node/8970574120,-6.7913483100,34.0469176100,bus,6064,8839ab9169fffff,Tabriquet,9
node/8970574121,-6.7693203100,34.0287094100,bus,6096,8839ab9121fffff,Hssaine,6
node/8970574122,-6.7346030100,34.0198305100,bus,6086,8839ab9137fffff,Hssaine,6
node/8970574123,-6.7348767100,34.0199951100,bus,6086,8839ab9137fffff,Hssaine,6
node/8970574124,-6.9215059100,33.9027062100,bus,21611,8839a86c13fffff,Témara,7
node/8970574125,-6.9216266100,33.9029388100,bus,21611,8839a86c13fffff,Témara,7
node/8970574126,-6.9037628100,33.9173767100,bus,21545,8839a86ccbfffff,Témara,7
node/8970574127,-6.9040565100,33.9174573100,bus,21545,8839a86ccbfffff,Témara,7
node/8970574128,-6.8965233100,33.9241349100,bus,21411,8839a86eb7fffff,Témara,7
node/8970574129,-6.8968270100,33.9241646100,bus,21411,8839a86eb7fffff,Témara,7
node/8970574130,-6.8798534100,33.9548081100,bus,21427,8839a86e93fffff,Agdal Riyad,1
node/8970574131,-6.8803444100,33.9545973100,bus,21427,8839a86e93fffff,Agdal Riyad,1
node/8970574132,-6.8654573100,33.9702364100,bus,5548,8839ab9b49fffff,Souissi,6
node/8974356417,-6.8623862100,33.9755748100,bus,21735,8839a865b5fffff,Souissi,6
node/8974356419,-6.8466864100,33.9935220100,bus,21732,8839a865bbfffff,Agdal Riyad,1
node/8974356420,-6.8513033100,34.0111104100,bus,21747,8839a86599fffff,Agdal Riyad,1
node/8974356421,-6.8516387100,34.0118576100,bus,21747,8839a86599fffff,Hassan,5
node/8974356424,-6.8321104100,34.0124679100,bus,5636,8839ab9a4dfffff,Touarga,7
node/8974356425,-6.8275520100,34.0072798100,bus,5640,8839ab9a45fffff,Hassan,5
node/8974356426,-6.8284588100,34.0079023100,bus,5640,8839ab9a45fffff,Touarga,7
node/8974356427,-6.8272807100,33.9942199100,bus,5628,8839ab9a61fffff,El Youssoufia,3
node/8974356428,-6.8197507100,33.9951136100,bus,5623,8839ab9a6bfffff,El Youssoufia,3
node/8974356429,-6.8185695100,33.9946400100,bus,5663,8839ab9a0dfffff,El Youssoufia,3
node/8974356430,-6.8285940100,33.9824078100,bus,5625,8839ab9a67fffff,Souissi,6
node/8974356431,-6.8297468100,33.9737326100,bus,5540,8839ab9b5bfffff,Souissi,6
node/8974356432,-6.8299455100,33.9736831100,bus,5540,8839ab9b5bfffff,Souissi,6
node/8974356433,-6.8267375100,33.9622620100,bus,5566,8839ab9b19fffff,Souissi,6
node/8974356434,-6.8268898100,33.9621478100,bus,5566,8839ab9b19fffff,Souissi,6
node/8974356435,-6.8205135100,33.9358129100,bus,5554,8839ab9b3bfffff,Souissi,6
node/8974356436,-6.8214087100,33.9241065100,bus,5556,8839ab9b37fffff,Souissi,6
node/8974356437,-6.8182447100,33.9114528100,bus,5700,8839ab995dfffff,Souissi,6
node/8974356444,-6.8295092100,34.0250845100,bus,21768,8839a864a3fffff,Hassan,5
node/8974356445,-6.8169570100,34.0318418100,bus,21763,8839a864b1fffff,Bab Lamrissa,3
node/8974356446,-6.8169371100,34.0316792100,bus,21763,8839a864b1fffff,Bab Lamrissa,3
node/8974356447,-6.8035571100,34.0223468100,bus,5629,8839ab9a5dfffff,Bab Lamrissa,3
node/8974356448,-6.8036347100,34.0222706100,bus,5629,8839ab9a5dfffff,Bab Lamrissa,3
node/8974356449,-6.7931080100,34.0198462100,bus,5635,8839ab9a51fffff,Bettana,5
node/8974356452,-6.7763110100,34.0043192100,bus,5662,8839ab9a11fffff,Hssaine,6
node/8974356453,-6.7762383100,34.0041127100,bus,5662,8839ab9a11fffff,Hssaine,6
node/8974356454,-6.7636697100,33.9923309100,bus,5580,8839ab9ae9fffff,Hssaine,6
node/8974356455,-6.7511557100,33.9998983100,bus,5593,8839ab9ac7fffff,Hssaine,6
node/8974356456,-6.7445043100,33.9942023100,bus,5615,8839ab9a8dfffff,Hssaine,6
node/8974356457,-6.7463105100,33.9955542100,bus,5593,8839ab9ac7fffff,Hssaine,6
node/8974699712,-6.8548990100,34.0088918100,bus,21745,8839a8659dfffff,Hassan,5
node/8974699713,-6.8595603100,34.0017668100,bus,21755,8839a86583fffff,Agdal Riyad,1
node/8974699714,-6.8599192100,34.0015500100,bus,21755,8839a86583fffff,Yacoub El Mansour,9
node/8974699715,-6.8670192100,33.9896845100,bus,21731,8839a865bdfffff,Agdal Riyad,1
node/8974699716,-6.8749704100,33.9788707100,bus,21743,8839a865a3fffff,Agdal Riyad,1
node/8974733417,-6.8751767100,33.9789911100,bus,21743,8839a865a3fffff,Yacoub El Mansour,9
node/8974733418,-6.8850320100,33.9621330100,bus,21423,8839a86e9bfffff,Agdal Riyad,1
node/8974733419,-6.8852214100,33.9621579100,bus,21423,8839a86e9bfffff,Yacoub El Mansour,9
node/8974733420,-6.8912530100,33.9536276100,bus,21428,8839a86e91fffff,Agdal Riyad,1
node/8974733423,-6.9095613100,33.9353909100,bus,21408,8839a86ebdfffff,Témara,7
node/8974733424,-6.9093626100,33.9353057100,bus,21408,8839a86ebdfffff,Témara,7
node/8974733426,-6.9274374100,33.9157065100,bus,21607,8839a86c1bfffff,Témara,7
node/8974733428,-6.9299315100,33.9309005100,bus,21415,8839a86eadfffff,Témara,7
node/8974733429,-6.9299985100,33.9310320100,bus,21415,8839a86eadfffff,Témara,7
node/8974733430,-6.9479324100,33.9321884100,bus,21581,8839a86c5bfffff,Harhoura,3
node/8974733431,-6.9480863100,33.9323184100,bus,21581,8839a86c5bfffff,Harhoura,3
node/8974733436,-6.9698375100,33.9164389100,bus,21590,8839a86c43fffff,Harhoura,3
node/8974733437,-6.9706604100,33.9160935100,bus,21590,8839a86c43fffff,Harhoura,3
node/8974733439,-6.9876567100,33.9058024100,bus,21575,8839a86c69fffff,Harhoura,3
node/8974733440,-6.9870178100,33.9059526100,bus,21575,8839a86c69fffff,Harhoura,3
node/8974733441,-6.9929564100,33.9016734100,bus,21575,8839a86c69fffff,Harhoura,3
node/8974733442,-7.0128085100,33.8880039100,bus,21395,8839a86f31fffff,Skhirate,5
node/8974733443,-7.0252620100,33.8781541100,bus,21498,8839a86d49fffff,Skhirate,5
node/8974733445,-7.0387380100,33.8696442100,bus,21712,8839a8689bfffff,Skhirate,5
node/8974733446,-7.0536606100,33.8640638100,bus,21711,8839a8689dfffff,Skhirate,5
node/8977069397,-6.8492164100,34.0228998100,bus,21767,8839a864a5fffff,Hassan,5
node/8977069398,-6.8254973100,33.9995296100,bus,5623,8839ab9a6bfffff,El Youssoufia,3
node/8977069399,-6.8181278100,33.9883289100,bus,5627,8839ab9a63fffff,El Youssoufia,3
node/8977069400,-6.8247911100,33.9842228100,bus,5625,8839ab9a67fffff,El Youssoufia,3
node/8977069402,-6.8212511100,33.9738900100,bus,5649,8839ab9a2dfffff,El Youssoufia,3
node/8977069403,-6.8642705100,34.0055083100,bus,21755,8839a86583fffff,Yacoub El Mansour,9
node/8977069404,-6.8640872100,34.0053979100,bus,21755,8839a86583fffff,Yacoub El Mansour,9
node/8977069405,-6.8712438100,33.9968453100,bus,21753,8839a86587fffff,Yacoub El Mansour,9
node/8977069406,-6.8712649100,33.9901035100,bus,21753,8839a86587fffff,Yacoub El Mansour,9
node/8977069408,-6.8866791100,33.9767306100,bus,21744,8839a865a1fffff,Yacoub El Mansour,9
node/8977069409,-6.8183471100,33.9924455100,bus,5627,8839ab9a63fffff,El Youssoufia,3
node/8977069410,-6.8424544100,33.9795692100,bus,5541,8839ab9b59fffff,Souissi,6
node/8977069411,-6.8381614100,33.9769786100,bus,5541,8839ab9b59fffff,Souissi,6
node/8977069412,-6.8645428100,33.9918347100,bus,21733,8839a865b9fffff,Agdal Riyad,1
node/8977069413,-6.8646894100,33.9916270100,bus,21733,8839a865b9fffff,Agdal Riyad,1
node/8977069414,-6.8747654100,33.9887273100,bus,21739,8839a865abfffff,Yacoub El Mansour,9
node/8977069415,-6.8745483100,33.9886452100,bus,21739,8839a865abfffff,Yacoub El Mansour,9
node/8977069416,-6.8799814100,33.9783411100,bus,21744,8839a865a1fffff,Yacoub El Mansour,9
node/8977071017,-6.8907018100,33.9742096100,bus,21742,8839a865a5fffff,Yacoub El Mansour,9
node/8977071018,-6.8904564100,33.9740375100,bus,21742,8839a865a5fffff,Yacoub El Mansour,9
node/8977071019,-6.8978948100,33.9698597100,bus,21406,8839a86ed3fffff,Yacoub El Mansour,9
node/8977071020,-6.8977342100,33.9697794100,bus,21406,8839a86ed3fffff,Yacoub El Mansour,9
node/8977071022,-6.8861466100,33.9206577100,bus,21538,8839a86cddfffff,Témara,7
node/8977071023,-6.8942321100,33.9256583100,bus,21411,8839a86eb7fffff,Témara,7
node/8977071024,-6.9119115100,33.9247932100,bus,21420,8839a86ea3fffff,Témara,7
node/8977071025,-6.9150891100,33.9245925100,bus,21420,8839a86ea3fffff,Témara,7
node/8977071026,-6.9324572100,33.9109617100,bus,21612,8839a86c11fffff,Témara,7
node/8977071027,-6.9424818100,33.9014803100,bus,21618,8839a86c03fffff,Témara,7
node/8977071028,-6.9555630100,33.8957904100,bus,21616,8839a86c07fffff,Ain Attig,9
node/8977071029,-6.9693820100,33.8885232100,bus,21601,8839a86c29fffff,Ain Attig,9
node/8977071030,-6.9752414100,33.8873902100,bus,21576,8839a86c67fffff,Ain Attig,9
node/8977071031,-6.9826321100,33.8800686100,bus,21490,8839a86d5bfffff,Ain Attig,9
node/8977071032,-6.9731910100,33.8699791100,bus,21603,8839a86c25fffff,Ain Attig,9
node/8977071033,-6.9734478100,33.8699412100,bus,21603,8839a86c25fffff,Ain Attig,9
node/8977417617,-7.0571705100,33.8379193100,bus,21697,8839a868bdfffff,Skhirate,5
node/8977417618,-7.0459960100,33.8451727100,bus,21698,8839a868bbfffff,Skhirate,5
node/8977417623,-7.0448144100,33.8394167100,bus,21702,8839a868b3fffff,Skhirate,5
node/8977417625,-7.0371897100,33.8526566100,taxi,21714,8839a86897fffff,Skhirate,5
node/8977417627,-7.0286011100,33.8573182100,bus,21484,8839a86d69fffff,Skhirate,5
node/8977417628,-7.0183052100,33.8616266100,bus,21499,8839a86d47fffff,Skhirate,5
node/8977417629,-7.0112040100,33.8643691100,bus,21501,8839a86d43fffff,Skhirate,5
node/8977417631,-6.8967954100,33.9188172100,bus,21545,8839a86ccbfffff,Témara,7
node/9594120976,-6.7273453100,33.9964695100,bus,5616,8839ab9a8bfffff,Hssaine,6
node/9983822391,-7.0750532100,33.8299835100,bus,21707,8839a868a7fffff,Skhirate,5
node/9983915607,-7.0393422100,33.8511922100,taxi,21714,8839a86897fffff,Skhirate,5
node/9983915608,-7.0384346100,33.8517167100,bus,21714,8839a86897fffff,Skhirate,5
node/10076012118,-6.8119464100,34.0273398100,bus,21760,8839a864b7fffff,Bab Lamrissa,3
node/10076012119,-6.8071587100,34.0251339100,bus,21760,8839a864b7fffff,Bab Lamrissa,3
node/10076012120,-6.7996565100,34.0228309100,bus,5631,8839ab9a59fffff,Bettana,5
node/10076012121,-6.7969774100,34.0229838100,bus,5631,8839ab9a59fffff,Bettana,5
node/10076012122,-6.7931618100,34.0197215100,bus,5635,8839ab9a51fffff,Bettana,5
node/10076012123,-6.7870429100,34.0147454100,bus,5634,8839ab9a53fffff,Bettana,5
node/10076012126,-6.7685095100,34.0027527100,bus,5661,8839ab9a13fffff,Hssaine,6
node/10076012127,-6.7655818100,33.9973496100,bus,5661,8839ab9a13fffff,Hssaine,6
node/10076012128,-6.7629077100,33.9890649100,bus,5580,8839ab9ae9fffff,Hssaine,6
node/10076012129,-6.7482578100,33.9973921100,bus,5593,8839ab9ac7fffff,Hssaine,6
node/10076012130,-6.7480614100,33.9975342100,bus,5593,8839ab9ac7fffff,Hssaine,6
node/10076012149,-6.7420402100,33.9980728100,bus,5593,8839ab9ac7fffff,Hssaine,6
node/10076012153,-6.7368487100,33.9943714100,bus,5617,8839ab9a89fffff,Hssaine,6
node/10076012154,-6.7343603100,33.9921416100,bus,5621,8839ab9a81fffff,Hssaine,6
node/10076012155,-6.7999951100,34.0229102100,bus,5631,8839ab9a59fffff,Bettana,5
node/10076042730,-6.8174694100,34.0364054100,bus,21763,8839a864b1fffff,Bab Lamrissa,3
node/10076042731,-6.8175820100,34.0364310100,bus,21763,8839a864b1fffff,Bab Lamrissa,3
node/10076042732,-6.8168717100,34.0403352100,bus,21759,8839a864b9fffff,Bab Lamrissa,3
node/10076042733,-6.8221283100,34.0425860100,bus,21759,8839a864b9fffff,Bab Lamrissa,3
node/10076042734,-6.8242339100,34.0437718100,bus,21777,8839a86487fffff,Bab Lamrissa,3
node/10076042735,-6.8244693100,34.0520131100,bus,21778,8839a86483fffff,Bab Lamrissa,3
node/10076042736,-6.8271689100,34.0491314100,bus,21778,8839a86483fffff,Bab Lamrissa,3
node/10076042737,-6.8163802100,34.0577418100,bus,21770,8839a8649dfffff,Bab Lamrissa,3
node/10076042738,-6.8142080100,34.0550287100,bus,21770,8839a8649dfffff,Bab Lamrissa,3
node/10076042739,-6.7997193100,34.0622848100,bus,21771,8839a8649bfffff,Bab Lamrissa,3
node/10076042740,-6.7995152100,34.0622635100,bus,21771,8839a8649bfffff,Bab Lamrissa,3
node/10076042741,-6.8046626100,34.0614517100,bus,21776,8839a86491fffff,Bab Lamrissa,3
node/10076042742,-6.8048004100,34.0613135100,bus,21776,8839a86491fffff,Bab Lamrissa,3
node/10076042743,-6.8029901100,34.0636822100,bus,21771,8839a8649bfffff,Bab Lamrissa,3
node/10076042744,-6.8012504100,34.0664342100,bus,21771,8839a8649bfffff,Bab Lamrissa,3
node/10076042745,-6.7978162100,34.0699696100,bus,5978,8839ab9327fffff,Bab Lamrissa,3
node/10076042746,-6.7934313100,34.0746737100,bus,5978,8839ab9327fffff,Bab Lamrissa,3
node/10076042748,-6.7880371100,34.0800719100,bus,5980,8839ab9323fffff,Layayda,7
node/10076047715,-6.8065813100,34.0399989100,bus,21758,8839a864bbfffff,Tabriquet,9
node/10076047716,-6.8063300100,34.0400132100,bus,21758,8839a864bbfffff,Tabriquet,9
node/10076090317,-6.8066183100,34.0435619100,bus,21758,8839a864bbfffff,Tabriquet,9
node/10076090318,-6.8068545100,34.0436036100,bus,21758,8839a864bbfffff,Tabriquet,9
node/10076090319,-6.8080358100,34.0459238100,bus,21758,8839a864bbfffff,Tabriquet,9
node/10076090320,-6.8073093100,34.0483537100,bus,21773,8839a86497fffff,Tabriquet,9
node/10076090321,-6.8011356100,34.0557950100,bus,21775,8839a86493fffff,Tabriquet,9
node/10076090322,-6.7953986100,34.0600137100,bus,21775,8839a86493fffff,Tabriquet,9
node/10076090323,-6.7903308100,34.0593440100,bus,6076,8839ab914dfffff,Tabriquet,9
node/10076090324,-6.7801791100,34.0643630100,bus,6082,8839ab9141fffff,Layayda,7
node/10076090325,-6.7767204100,34.0698053100,bus,6077,8839ab914bfffff,Tabriquet,9
node/10076090326,-6.7686557100,34.0728863100,bus,5974,8839ab9337fffff,Layayda,7
node/10076090327,-6.7658888100,34.0763526100,bus,5974,8839ab9337fffff,Layayda,7
node/10076848820,-6.8331058100,34.0212161100,bus,21766,8839a864a7fffff,Hassan,5
node/10076848821,-6.8033326100,34.0318109100,bus,21762,8839a864b3fffff,Bettana,5
node/10076848822,-6.8031349100,34.0319021100,bus,21762,8839a864b3fffff,Bettana,5
node/10076848823,-6.7961784100,34.0338086100,bus,6066,8839ab9165fffff,Bettana,5
node/10076848824,-6.7963889100,34.0337467100,bus,6066,8839ab9165fffff,Bettana,5
node/10076848825,-6.7636575100,34.0273635100,bus,6091,8839ab912bfffff,Hssaine,6
node/10076848826,-6.7633852100,34.0275976100,bus,6091,8839ab912bfffff,Hssaine,6
node/10076848827,-6.7608536100,34.0264909100,bus,6095,8839ab9123fffff,Hssaine,6
node/10076848828,-6.7607084100,34.0267903100,bus,6095,8839ab9123fffff,Hssaine,6
node/10076848829,-6.7538855100,34.0250081100,bus,6087,8839ab9135fffff,Hssaine,6
node/10076848830,-6.7537831100,34.0252680100,bus,6087,8839ab9135fffff,Hssaine,6
node/10077027083,-6.8151820100,34.0409167100,bus,21759,8839a864b9fffff,Bab Lamrissa,3
node/10077027084,-6.8153989100,34.0410905100,bus,21759,8839a864b9fffff,Bab Lamrissa,3
node/10077027085,-6.8111793100,34.0431185100,bus,21758,8839a864bbfffff,Tabriquet,9
node/10077027086,-6.8113430100,34.0433785100,bus,21758,8839a864bbfffff,Tabriquet,9
node/10077027087,-6.8018277100,34.0467275100,bus,21773,8839a86497fffff,Tabriquet,9
node/10077027088,-6.8019872100,34.0469328100,bus,21773,8839a86497fffff,Tabriquet,9
node/10077027089,-6.8007731100,34.0475403100,bus,21773,8839a86497fffff,Tabriquet,9
node/10077027090,-6.8010023100,34.0477777100,bus,21773,8839a86497fffff,Tabriquet,9
node/10077027091,-6.7944493100,34.0540171100,bus,21775,8839a86493fffff,Tabriquet,9
node/10077027092,-6.7945743100,34.0542032100,bus,21775,8839a86493fffff,Tabriquet,9
node/10077027093,-6.7883215100,34.0574645100,bus,6080,8839ab9145fffff,Tabriquet,9
node/10077027094,-6.7799977100,34.0592101100,bus,6082,8839ab9141fffff,Tabriquet,9
node/10077027095,-6.7798475100,34.0594145100,bus,6082,8839ab9141fffff,Tabriquet,9
node/10077027096,-6.7781350100,34.0579401100,bus,6079,8839ab9147fffff,Tabriquet,9
node/10077027097,-6.7779803100,34.0581039100,bus,6079,8839ab9147fffff,Layayda,7
node/10077027098,-6.7749897100,34.0598882100,bus,6081,8839ab9143fffff,Layayda,7
node/10077027099,-6.7751616100,34.0600590100,bus,6081,8839ab9143fffff,Layayda,7
node/10077027100,-6.7720817100,34.0623355100,bus,6081,8839ab9143fffff,Layayda,7
node/10077027101,-6.7719776100,34.0621479100,bus,6081,8839ab9143fffff,Layayda,7
node/10077027102,-6.7690528100,34.0638851100,bus,6081,8839ab9143fffff,Layayda,7
node/10077027103,-6.7691398100,34.0641134100,bus,6081,8839ab9143fffff,Layayda,7
node/10077027104,-6.7643840100,34.0658690100,bus,6069,8839ab915dfffff,Layayda,7
node/10077027105,-6.7645526100,34.0660853100,bus,6069,8839ab915dfffff,Layayda,7
node/10077027113,-6.7577995100,34.0713177100,bus,6075,8839ab9151fffff,Layayda,7
node/10077027114,-6.7582049100,34.0712690100,bus,6075,8839ab9151fffff,Layayda,7
node/10077481148,-6.7500188100,34.0696206100,bus,6075,8839ab9151fffff,Layayda,7
node/10077481149,-6.7543994100,34.0699713100,bus,6075,8839ab9151fffff,Layayda,7
node/10077481150,-6.7567828100,34.0697367100,bus,6075,8839ab9151fffff,Layayda,7
node/10077481151,-6.7809947100,34.0530835100,bus,6079,8839ab9147fffff,Tabriquet,9
node/10077481152,-6.7811967100,34.0531814100,bus,6079,8839ab9147fffff,Tabriquet,9
node/10077481153,-6.7788398100,34.0553243100,bus,6079,8839ab9147fffff,Tabriquet,9
node/10077481154,-6.7792804100,34.0553820100,bus,6079,8839ab9147fffff,Tabriquet,9
node/10077481155,-6.7854662100,34.0492247100,bus,6063,8839ab916bfffff,Tabriquet,9
node/10077481156,-6.7856389100,34.0494138100,bus,6063,8839ab916bfffff,Tabriquet,9
node/10077481157,-6.7885831100,34.0467106100,bus,6064,8839ab9169fffff,Tabriquet,9
node/10077481158,-6.7885500100,34.0471602100,bus,6064,8839ab9169fffff,Tabriquet,9
node/10077481159,-6.7899189100,34.0444448100,bus,6068,8839ab9161fffff,Bettana,5
node/10077481160,-6.7963902100,34.0377285100,bus,6062,8839ab916dfffff,Bettana,5
node/10077481161,-6.7965880100,34.0378805100,bus,6062,8839ab916dfffff,Bettana,5
node/10077481162,-6.7987328100,34.0345125100,bus,6066,8839ab9165fffff,Bettana,5
node/10077481163,-6.7998086100,34.0348251100,bus,21762,8839a864b3fffff,Bettana,5
node/10077787860,-6.8176362100,34.0439988100,bus,21759,8839a864b9fffff,Bab Lamrissa,3
node/10077787861,-6.8177912100,34.0439450100,bus,21759,8839a864b9fffff,Bab Lamrissa,3
node/10077787862,-6.8154199100,34.0483946100,bus,21774,8839a86495fffff,Bab Lamrissa,3
node/10077787863,-6.8156698100,34.0484536100,bus,21774,8839a86495fffff,Bab Lamrissa,3
node/10077787864,-6.8128114100,34.0511441100,bus,21774,8839a86495fffff,Bab Lamrissa,3
node/10077787865,-6.8130363100,34.0512213100,bus,21774,8839a86495fffff,Bab Lamrissa,3
node/10077787866,-6.8073586100,34.0562149100,bus,21776,8839a86491fffff,Bab Lamrissa,3
node/10077787867,-6.8072481100,34.0560660100,bus,21776,8839a86491fffff,Bab Lamrissa,3
node/10077787877,-6.7918800100,34.0682830100,bus,5978,8839ab9327fffff,Bab Lamrissa,3
node/10077787878,-6.7919032100,34.0685468100,bus,5978,8839ab9327fffff,Bab Lamrissa,3
node/10077787879,-6.7942096100,34.0706112100,bus,5978,8839ab9327fffff,Bab Lamrissa,3
node/10077787880,-6.7940392100,34.0707615100,bus,5978,8839ab9327fffff,Bab Lamrissa,3
node/10077787881,-6.7954807100,34.0725506100,bus,5978,8839ab9327fffff,Bab Lamrissa,3
node/10077822208,-6.7834124100,34.0844876100,bus,5971,8839ab933dfffff,Layayda,7
node/10077822209,-6.7760158100,34.0887724100,bus,5977,8839ab9331fffff,Layayda,7
node/10077822210,-6.7758891100,34.0889360100,bus,5973,8839ab9339fffff,Layayda,7
node/10077822211,-6.7742871100,34.0876376100,bus,5977,8839ab9331fffff,Layayda,7
node/10077822212,-6.7741141100,34.0877835100,bus,5977,8839ab9331fffff,Layayda,7
node/10078039792,-6.7879059100,34.0333911100,bus,6065,8839ab9167fffff,Bettana,5
node/10078039793,-6.7877199100,34.0333932100,bus,6065,8839ab9167fffff,Bettana,5
node/10078039794,-6.7645668100,34.0255644100,bus,6096,8839ab9121fffff,Hssaine,6
node/10078039795,-6.7681741100,34.0246769100,bus,6096,8839ab9121fffff,Hssaine,6
node/10078039796,-6.7722347100,34.0220603100,bus,6096,8839ab9121fffff,Hssaine,6
node/10078039797,-6.7696641100,34.0208978100,bus,6096,8839ab9121fffff,Hssaine,6
node/10078039798,-6.7683098100,34.0166959100,bus,6093,8839ab9127fffff,Hssaine,6
node/10078039799,-6.7658435100,34.0156287100,bus,6093,8839ab9127fffff,Hssaine,6
node/10078039800,-6.7642799100,34.0173666100,bus,6093,8839ab9127fffff,Hssaine,6
node/10078039801,-6.7611175100,34.0203172100,bus,6095,8839ab9123fffff,Hssaine,6
node/10078039802,-6.7580881100,34.0228039100,bus,6095,8839ab9123fffff,Hssaine,6
node/10078039803,-6.7562683100,34.0245574100,bus,6095,8839ab9123fffff,Hssaine,6
node/10078226361,-6.7861857100,34.0363799100,bus,6065,8839ab9167fffff,Bettana,5
node/10078226362,-6.7864202100,34.0364861100,bus,6065,8839ab9167fffff,Bettana,5
node/10078226363,-6.7846574100,34.0453305100,bus,6063,8839ab916bfffff,Bettana,5
node/10078226364,-6.7843202100,34.0454233100,bus,6063,8839ab916bfffff,Bettana,5
node/10078226365,-6.7814330100,34.0470504100,bus,6063,8839ab916bfffff,Bettana,5
node/10078226366,-6.7813573100,34.0472865100,bus,6063,8839ab916bfffff,Tabriquet,9
node/10078226371,-6.7788731100,34.0468730100,bus,6063,8839ab916bfffff,Bettana,5
node/10078226373,-6.7757796100,34.0466150100,bus,6104,8839ab910dfffff,Bettana,5
node/10078226375,-6.7740415100,34.0478987100,bus,6104,8839ab910dfffff,Layayda,7
node/10078226376,-6.7741103100,34.0479269100,bus,6104,8839ab910dfffff,Tabriquet,9
node/10078226377,-6.7734817100,34.0524876100,bus,6079,8839ab9147fffff,Layayda,7
node/10078226378,-6.7735993100,34.0525467100,bus,6079,8839ab9147fffff,Tabriquet,9
node/10078226379,-6.7696907100,34.0584677100,bus,6081,8839ab9143fffff,Layayda,7
node/10078226380,-6.7677286100,34.0605181100,bus,6081,8839ab9143fffff,Layayda,7
node/10078226381,-6.7651882100,34.0632190100,bus,6081,8839ab9143fffff,Layayda,7
node/10078226382,-6.7632407100,34.0653013100,bus,6069,8839ab915dfffff,Layayda,7
node/10078226387,-6.7609148100,34.0682046100,bus,6069,8839ab915dfffff,Layayda,7
node/10078226388,-6.7610272100,34.0683194100,bus,6069,8839ab915dfffff,Layayda,7
node/10078226389,-6.7551382100,34.0749280100,bus,6071,8839ab9159fffff,Layayda,7
node/10078226390,-6.7550781100,34.0753749100,bus,6071,8839ab9159fffff,Layayda,7
node/10078284180,-6.8021475100,34.0360668100,bus,21762,8839a864b3fffff,Bettana,5
node/10078284181,-6.8022894100,34.0362065100,bus,21762,8839a864b3fffff,Tabriquet,9
node/10078284182,-6.7988749100,34.0390096100,bus,6062,8839ab916dfffff,Bettana,5
node/10078284183,-6.7989667100,34.0391264100,bus,6062,8839ab916dfffff,Tabriquet,9
node/10078284184,-6.7923170100,34.0462422100,bus,6064,8839ab9169fffff,Bettana,5
node/10078284185,-6.7928158100,34.0465652100,bus,6064,8839ab9169fffff,Tabriquet,9
node/10078284186,-6.7836110100,34.0511338100,bus,6063,8839ab916bfffff,Tabriquet,9
node/10078284187,-6.7836909100,34.0512085100,bus,6063,8839ab916bfffff,Tabriquet,9
node/10078284188,-6.7830916100,34.0538787100,bus,6080,8839ab9145fffff,Tabriquet,9
node/10078284189,-6.7833187100,34.0533533100,bus,6080,8839ab9145fffff,Tabriquet,9
node/10078284190,-6.7830577100,34.0562871100,bus,6080,8839ab9145fffff,Tabriquet,9
node/10078284191,-6.7828755100,34.0567374100,bus,6080,8839ab9145fffff,Tabriquet,9
node/10078284192,-6.7825733100,34.0586422100,bus,6080,8839ab9145fffff,Tabriquet,9
node/10078284193,-6.7826673100,34.0589827100,bus,6082,8839ab9141fffff,Tabriquet,9
node/10078284194,-6.7817848100,34.0620133100,bus,6082,8839ab9141fffff,Tabriquet,9
node/10078284195,-6.7808712100,34.0643078100,bus,6082,8839ab9141fffff,Tabriquet,9
node/10078618977,-6.8402768100,34.0203288100,bus,21766,8839a864a7fffff,Agdal Riyad,1
node/10078618978,-6.8401023100,34.0203554100,bus,21766,8839a864a7fffff,Agdal Riyad,1
node/10078618979,-6.8386475100,34.0153424100,bus,21746,8839a8659bfffff,Agdal Riyad,1
node/10078618980,-6.8396486100,34.0091932100,bus,21750,8839a86593fffff,Agdal Riyad,1
node/10078618982,-6.8513554100,33.9921868100,bus,21732,8839a865bbfffff,Agdal Riyad,1
node/10078618983,-6.8548723100,33.9888024100,bus,21737,8839a865b1fffff,Agdal Riyad,1
node/10078618984,-6.8550677100,33.9887124100,bus,21737,8839a865b1fffff,Agdal Riyad,1
node/10078618985,-6.8588238100,33.9881082100,bus,21737,8839a865b1fffff,Agdal Riyad,1
node/10078618986,-6.8591210100,33.9881967100,bus,21737,8839a865b1fffff,Agdal Riyad,1
node/10078618987,-6.8622840100,33.9844943100,bus,21731,8839a865bdfffff,Agdal Riyad,1
node/10078618988,-6.8622411100,33.9849117100,bus,21731,8839a865bdfffff,Agdal Riyad,1
node/10078618989,-6.8684676100,33.9769395100,bus,21743,8839a865a3fffff,Agdal Riyad,1
node/10078618990,-6.8676216100,33.9780487100,bus,21743,8839a865a3fffff,Agdal Riyad,1
node/10078618991,-6.8733202100,33.9701963100,bus,21741,8839a865a7fffff,Agdal Riyad,1
node/10078618992,-6.8752135100,33.9682389100,bus,21741,8839a865a7fffff,Agdal Riyad,1
node/10078618993,-6.8749147100,33.9683123100,bus,21741,8839a865a7fffff,Agdal Riyad,1
node/10078618994,-6.8806799100,33.9619718100,bus,21423,8839a86e9bfffff,Agdal Riyad,1
node/10078618997,-6.8777482100,33.9567844100,bus,21427,8839a86e93fffff,Agdal Riyad,1
node/10078618998,-6.8744339100,33.9544838100,bus,5550,8839ab9b45fffff,Agdal Riyad,1
node/10078618999,-6.8720283100,33.9527021100,bus,5550,8839ab9b45fffff,Agdal Riyad,1
node/10078619000,-6.8695466100,33.9486158100,bus,5534,8839ab9b6bfffff,Agdal Riyad,1
node/10078619002,-6.8858352100,33.9404054100,bus,5533,8839ab9b6dfffff,Témara,7
node/10078619003,-6.8852629100,33.9401144100,bus,5533,8839ab9b6dfffff,Témara,7
node/10078634185,-6.8887409100,33.9343676100,bus,21413,8839a86eb3fffff,Témara,7
node/10078634186,-6.8890651100,33.9344222100,bus,21413,8839a86eb3fffff,Témara,7
node/10078634187,-6.8939151100,33.9318299100,bus,21414,8839a86eb1fffff,Témara,7
node/10078634188,-6.8974914100,33.9304873100,bus,21414,8839a86eb1fffff,Témara,7
node/10078634189,-6.9002979100,33.9293704100,bus,21412,8839a86eb5fffff,Témara,7
node/10078634190,-6.9227559100,33.9047903100,bus,21611,8839a86c13fffff,Témara,7
node/10078634191,-6.9244561100,33.9031695100,bus,21611,8839a86c13fffff,Témara,7
node/10078634192,-6.9262892100,33.9015114100,bus,21609,8839a86c17fffff,Témara,7
node/10078634193,-6.9254567100,33.8998648100,bus,21609,8839a86c17fffff,Témara,7
node/10078634194,-6.9284945100,33.8970782100,bus,21609,8839a86c17fffff,Témara,7
node/10078634195,-6.9287590100,33.8971299100,bus,21609,8839a86c17fffff,Témara,7
node/10078634197,-6.9304610100,33.8956536100,bus,21609,8839a86c17fffff,Témara,7
node/10078634198,-6.9306989100,33.8951555100,bus,21593,8839a86c3bfffff,Témara,7
node/10078956087,-6.8445294100,34.0179410100,bus,21746,8839a8659bfffff,Hassan,5
node/10078956088,-6.8443610100,34.0179299100,bus,21746,8839a8659bfffff,Agdal Riyad,1
node/10078956089,-6.8476021100,34.0141834100,bus,21746,8839a8659bfffff,Agdal Riyad,1
node/10078956090,-6.8480566100,34.0138810100,bus,21747,8839a86599fffff,Hassan,5
node/10078976728,-6.8491692100,33.9985278100,bus,21748,8839a86597fffff,Agdal Riyad,1
node/10078976729,-6.8467235100,33.9937858100,bus,21732,8839a865bbfffff,Agdal Riyad,1
node/10078976730,-6.8476001100,33.9899949100,bus,21732,8839a865bbfffff,Agdal Riyad,1
node/10078976731,-6.8474034100,33.9899038100,bus,21732,8839a865bbfffff,Agdal Riyad,1
node/10078976732,-6.8534349100,33.9852816100,bus,21737,8839a865b1fffff,Agdal Riyad,1
node/10078976733,-6.8561194100,33.9821194100,bus,21737,8839a865b1fffff,Agdal Riyad,1
node/10078976743,-6.8669670100,33.9693622100,bus,5548,8839ab9b49fffff,Agdal Riyad,1
node/10078976744,-6.8688110100,33.9667398100,bus,5548,8839ab9b49fffff,Agdal Riyad,1
node/10078976750,-6.8756824100,33.9602501100,bus,5546,8839ab9b4dfffff,Agdal Riyad,1
node/10078976751,-6.8775999100,33.9574843100,bus,21427,8839a86e93fffff,Agdal Riyad,1
node/10078976756,-6.8791839100,33.9561407100,bus,21427,8839a86e93fffff,Agdal Riyad,1
node/10078976757,-6.8829066100,33.9506550100,bus,21425,8839a86e97fffff,Agdal Riyad,1
node/10078976758,-6.8831786100,33.9507657100,bus,21425,8839a86e97fffff,Agdal Riyad,1
node/10078976770,-6.8908742100,33.9293596100,bus,21411,8839a86eb7fffff,Témara,7
node/10078976773,-6.8940329100,33.9266707100,bus,21411,8839a86eb7fffff,Témara,7
node/10078976774,-6.8937182100,33.9265676100,bus,21411,8839a86eb7fffff,Témara,7
node/10078976775,-6.9002229100,33.9206534100,bus,21545,8839a86ccbfffff,Témara,7
node/10078976776,-6.9005923100,33.9207299100,bus,21545,8839a86ccbfffff,Témara,7
node/10078976777,-6.9060872100,33.9157937100,bus,21550,8839a86cc1fffff,Témara,7
node/10078976778,-6.9060474100,33.9160643100,bus,21550,8839a86cc1fffff,Témara,7
node/10078976779,-6.9088322100,33.9143011100,bus,21550,8839a86cc1fffff,Témara,7
node/10078976780,-6.9086747100,33.9141141100,bus,21550,8839a86cc1fffff,Témara,7
node/10078976781,-6.9130522100,33.9103217100,bus,21544,8839a86ccdfffff,Témara,7
node/10078976782,-6.9131351100,33.9105510100,bus,21544,8839a86ccdfffff,Témara,7
node/10080238089,-6.7415905100,34.0033239100,bus,5595,8839ab9ac3fffff,Hssaine,6
node/10080238090,-6.7410818100,34.0031365100,bus,5595,8839ab9ac3fffff,Hssaine,6
node/10080238094,-6.7363918100,34.0122913100,bus,5585,8839ab9addfffff,Hssaine,6
node/10080238095,-6.7368828100,34.0122414100,bus,5585,8839ab9addfffff,Hssaine,6
node/10080238096,-6.7396631100,34.0158940100,bus,5585,8839ab9addfffff,Hssaine,6
node/10080238097,-6.7394364100,34.0161933100,bus,5585,8839ab9addfffff,Hssaine,6
node/10080238098,-6.7427209100,34.0181665100,bus,5591,8839ab9acbfffff,Hssaine,6
node/10080238099,-6.7424289100,34.0183870100,bus,6086,8839ab9137fffff,Hssaine,6
node/10080245029,-6.8312694100,34.0224776100,bus,5638,8839ab9a49fffff,Hassan,5
node/10080245030,-6.8291577100,34.0230670100,bus,5638,8839ab9a49fffff,Hassan,5
node/10080245031,-6.8248041100,34.0182019100,bus,5638,8839ab9a49fffff,Hassan,5
node/10080333222,-6.8270893100,34.0032356100,bus,5640,8839ab9a45fffff,El Youssoufia,3
node/10080333223,-6.8274814100,34.0016786100,bus,5640,8839ab9a45fffff,Souissi,6
node/10080333225,-6.8275229100,33.9986142100,bus,5623,8839ab9a6bfffff,Souissi,6
node/10080333226,-6.8273433100,33.9979052100,bus,5623,8839ab9a6bfffff,El Youssoufia,3
node/10080333227,-6.8245377100,33.9944246100,bus,5623,8839ab9a6bfffff,El Youssoufia,3
node/10080333228,-6.8200305100,33.9951357100,bus,5623,8839ab9a6bfffff,El Youssoufia,3
node/10080333230,-6.8182918100,33.9937069100,bus,5627,8839ab9a63fffff,El Youssoufia,3
node/10080333233,-6.8199411100,33.9868854100,bus,5627,8839ab9a63fffff,El Youssoufia,3
node/10080333234,-6.8296354100,33.9808726100,bus,5625,8839ab9a67fffff,Souissi,6
node/10080333235,-6.8294318100,33.9808715100,bus,5625,8839ab9a67fffff,Souissi,6
node/10080333238,-6.8286465100,33.9686318100,bus,5544,8839ab9b53fffff,Souissi,6
node/10080333239,-6.8284095100,33.9686897100,bus,5544,8839ab9b53fffff,Souissi,6
node/10080333240,-6.8255903100,33.9578185100,bus,5566,8839ab9b19fffff,Souissi,6
node/10080333241,-6.8243248100,33.9530961100,bus,5564,8839ab9b1dfffff,Souissi,6
node/10080333242,-6.8229452100,33.9479611100,bus,5568,8839ab9b15fffff,Souissi,6
node/10080333246,-6.8173868100,33.9149826100,bus,5700,8839ab995dfffff,Souissi,6
node/10080333247,-6.8288435100,33.8988631100,bus,5710,8839ab9947fffff,Souissi,6
node/10080555977,-6.8216767100,33.9741019100,bus,5649,8839ab9a2dfffff,El Youssoufia,3
node/10080555978,-6.8219031100,33.9752571100,bus,5649,8839ab9a2dfffff,El Youssoufia,3
node/10080555979,-6.8189196100,33.9766522100,bus,5649,8839ab9a2dfffff,El Youssoufia,3
node/10080555980,-6.8187935100,33.9765350100,bus,5649,8839ab9a2dfffff,El Youssoufia,3
node/10080555981,-6.8178523100,33.9744415100,bus,5649,8839ab9a2dfffff,El Youssoufia,3
node/10080562028,-6.8161983100,33.9779476100,bus,5651,8839ab9a29fffff,El Youssoufia,3
node/10080562029,-6.8160436100,33.9778274100,bus,5651,8839ab9a29fffff,El Youssoufia,3
node/10080562031,-6.8035581100,33.9867976100,bus,5666,8839ab9a07fffff,El Youssoufia,3
node/10080562032,-6.8037753100,33.9874097100,bus,5666,8839ab9a07fffff,El Youssoufia,3
node/10080562080,-6.8036927100,33.9896611100,bus,5666,8839ab9a07fffff,El Youssoufia,3
node/10080562203,-6.8062624100,33.9902383100,bus,5667,8839ab9a05fffff,El Youssoufia,3
node/10080562204,-6.8126041100,33.9910115100,bus,5667,8839ab9a05fffff,El Youssoufia,3
node/10080562205,-6.8176621100,33.9929404100,bus,5627,8839ab9a63fffff,El Youssoufia,3
node/10080562206,-6.8238120100,33.9943688100,bus,5623,8839ab9a6bfffff,El Youssoufia,3
node/10080562291,-6.8369993100,33.9935040100,bus,5622,8839ab9a6dfffff,Souissi,6
node/10080562292,-6.8369751100,33.9932355100,bus,5622,8839ab9a6dfffff,Souissi,6
node/10080562293,-6.8415747100,33.9941000100,bus,5622,8839ab9a6dfffff,Agdal Riyad,1
node/10080562294,-6.8432251100,33.9976566100,bus,21748,8839a86597fffff,Agdal Riyad,1
node/10080562295,-6.8510830100,34.0001729100,bus,21749,8839a86595fffff,Agdal Riyad,1
node/10080562296,-6.8560583100,34.0063620100,bus,21745,8839a8659dfffff,Agdal Riyad,1
node/10080562297,-6.8562371100,34.0066349100,bus,21745,8839a8659dfffff,Hassan,5
node/10080562298,-6.8583155100,34.0042322100,bus,21745,8839a8659dfffff,Hassan,5
node/10080562299,-6.8586065100,34.0034824100,bus,21745,8839a8659dfffff,Agdal Riyad,1
node/10080562300,-6.8627956100,34.0054021100,bus,21745,8839a8659dfffff,Hassan,5
node/10080562301,-6.8629751100,34.0052217100,bus,21755,8839a86583fffff,Yacoub El Mansour,9
node/10080562302,-6.8655249100,34.0035773100,bus,21755,8839a86583fffff,Yacoub El Mansour,9
node/10080562303,-6.8659080100,34.0035307100,bus,21755,8839a86583fffff,Yacoub El Mansour,9
node/10080562304,-6.8672694100,34.0013773100,bus,21755,8839a86583fffff,Yacoub El Mansour,9
node/10080562305,-6.8675927100,34.0014351100,bus,21755,8839a86583fffff,Yacoub El Mansour,9
node/10080562306,-6.8709439100,33.9968261100,bus,21753,8839a86587fffff,Yacoub El Mansour,9
node/10080562307,-6.8719082100,33.9934348100,bus,21753,8839a86587fffff,Yacoub El Mansour,9
node/10080562308,-6.8716761100,33.9934644100,bus,21753,8839a86587fffff,Yacoub El Mansour,9
node/10080562309,-6.8715046100,33.9892989100,bus,21753,8839a86587fffff,Yacoub El Mansour,9
node/10080562310,-6.8712869100,33.9891469100,bus,21753,8839a86587fffff,Yacoub El Mansour,9
node/10080562311,-6.8735956100,33.9865956100,bus,21739,8839a865abfffff,Yacoub El Mansour,9
node/10080562312,-6.8735001100,33.9863581100,bus,21739,8839a865abfffff,Yacoub El Mansour,9
node/10080562313,-6.8771802100,33.9815687100,bus,21739,8839a865abfffff,Yacoub El Mansour,9
node/10080562314,-6.8798472100,33.9782108100,bus,21744,8839a865a1fffff,Yacoub El Mansour,9
node/10080562315,-6.8815799100,33.9757806100,bus,21744,8839a865a1fffff,Yacoub El Mansour,9
node/10080562316,-6.8818170100,33.9760079100,bus,21744,8839a865a1fffff,Yacoub El Mansour,9
node/10080562317,-6.8860993100,33.9762253100,bus,21744,8839a865a1fffff,Yacoub El Mansour,9
node/10080562318,-6.8880146100,33.9769647100,bus,21742,8839a865a5fffff,Yacoub El Mansour,9
node/10080562319,-6.8917873100,33.9755854100,bus,21738,8839a865adfffff,Yacoub El Mansour,9
node/10080562320,-6.8919842100,33.9756592100,bus,21738,8839a865adfffff,Yacoub El Mansour,9
node/10080562321,-6.8934778100,33.9744364100,bus,21406,8839a86ed3fffff,Yacoub El Mansour,9
node/10080562322,-6.8932933100,33.9743174100,bus,21406,8839a86ed3fffff,Yacoub El Mansour,9
node/10080562323,-6.8956605100,33.9723762100,bus,21406,8839a86ed3fffff,Yacoub El Mansour,9
node/10080562324,-6.8959379100,33.9724439100,bus,21406,8839a86ed3fffff,Yacoub El Mansour,9
node/10080562327,-6.9003498100,33.9680114100,bus,21405,8839a86ed7fffff,Yacoub El Mansour,9
node/10080562328,-6.9030797100,33.9655703100,bus,21405,8839a86ed7fffff,Yacoub El Mansour,9
node/10080562329,-6.9058304100,33.9647278100,bus,21405,8839a86ed7fffff,Yacoub El Mansour,9
node/10080805699,-6.8174405100,33.9952950100,bus,5663,8839ab9a0dfffff,El Youssoufia,3
node/10080805700,-6.8153824100,33.9969382100,bus,5663,8839ab9a0dfffff,El Youssoufia,3
node/10080805701,-6.8166591100,33.9982435100,bus,5663,8839ab9a0dfffff,El Youssoufia,3
node/10080805702,-6.8190088100,33.9988122100,bus,5623,8839ab9a6bfffff,El Youssoufia,3
node/10080805703,-6.8409183100,34.0227782100,bus,21766,8839a864a7fffff,Hassan,5
node/10080805704,-6.8428873100,34.0266484100,bus,21769,8839a864a1fffff,Hassan,5
node/10080805705,-6.8440680100,34.0247996100,bus,21767,8839a864a5fffff,Hassan,5
node/10080805706,-6.8467713100,34.0249290100,bus,21767,8839a864a5fffff,Hassan,5
node/10082114859,-6.8855980100,33.9778666100,bus,21744,8839a865a1fffff,Yacoub El Mansour,9
node/10082141124,-6.8826889100,33.9805759100,bus,21744,8839a865a1fffff,Yacoub El Mansour,9
node/10082141191,-6.8786200100,33.9846152100,bus,21739,8839a865abfffff,Yacoub El Mansour,9
node/10082141250,-6.8727658100,33.9910036100,bus,21753,8839a86587fffff,Yacoub El Mansour,9
node/10082141251,-6.8726599100,33.9908140100,bus,21753,8839a86587fffff,Yacoub El Mansour,9
node/10082141270,-6.8678313100,33.9914578100,bus,21753,8839a86587fffff,Yacoub El Mansour,9
node/10082141271,-6.8678389100,33.9913662100,bus,21753,8839a86587fffff,Yacoub El Mansour,9
node/10082141272,-6.8592855100,33.9914027100,bus,21733,8839a865b9fffff,Agdal Riyad,1
node/10082141273,-6.8590954100,33.9916404100,bus,21733,8839a865b9fffff,Agdal Riyad,1
node/10082141274,-6.8454579100,33.9821001100,bus,21736,8839a865b3fffff,Souissi,6
node/10082141487,-6.8345408100,33.9797250100,bus,5626,8839ab9a65fffff,Souissi,6
node/10082141488,-6.8302467100,33.9816143100,bus,5625,8839ab9a67fffff,Souissi,6
node/10082141489,-6.8251687100,33.9841622100,bus,5625,8839ab9a67fffff,El Youssoufia,3
node/10082141498,-6.8179551100,33.9917171100,bus,5627,8839ab9a63fffff,El Youssoufia,3
node/10082225566,-6.8518547100,34.0110588100,bus,21747,8839a86599fffff,Agdal Riyad,1
node/10082225567,-6.8521353100,34.0110588100,bus,21747,8839a86599fffff,Hassan,5
node/10082225569,-6.8596601100,34.0100468100,bus,21745,8839a8659dfffff,Hassan,5
node/10082225570,-6.8599937100,34.0099765100,bus,21745,8839a8659dfffff,Hassan,5
node/10082225574,-6.8617095100,34.0076689100,bus,21745,8839a8659dfffff,Hassan,5
node/10082225575,-6.8620189100,34.0077829100,bus,21745,8839a8659dfffff,Hassan,5
node/10082225590,-6.8844871100,33.9726114100,bus,21742,8839a865a5fffff,Yacoub El Mansour,9
node/10082225591,-6.8846090100,33.9727043100,bus,21742,8839a865a5fffff,Yacoub El Mansour,9
node/10082225593,-6.8873606100,33.9695782100,bus,21742,8839a865a5fffff,Yacoub El Mansour,9
node/10082225594,-6.8895552100,33.9681751100,bus,21742,8839a865a5fffff,Yacoub El Mansour,9
node/10082225595,-6.8894483100,33.9679913100,bus,21742,8839a865a5fffff,Yacoub El Mansour,9
node/10082225596,-6.8942356100,33.9672078100,bus,21424,8839a86e99fffff,Yacoub El Mansour,9
node/10082225597,-6.8942379100,33.9673394100,bus,21424,8839a86e99fffff,Yacoub El Mansour,9
node/10082225600,-6.8976537100,33.9684492100,bus,21406,8839a86ed3fffff,Yacoub El Mansour,9
node/10082225601,-6.8978707100,33.9683022100,bus,21424,8839a86e99fffff,Yacoub El Mansour,9
node/10082304739,-6.7724372100,34.0856493100,bus,5977,8839ab9331fffff,Layayda,7
node/10082304740,-6.7722365100,34.0857061100,bus,5977,8839ab9331fffff,Layayda,7
node/10082304741,-6.7779077100,34.0799514100,bus,5975,8839ab9335fffff,Layayda,7
node/10082304749,-6.7871787100,34.0723006100,bus,6078,8839ab9149fffff,Bab Lamrissa,3
node/10082379317,-6.7871155100,34.0656626100,bus,6076,8839ab914dfffff,Tabriquet,9
node/10082379318,-6.7874015100,34.0656075100,bus,6076,8839ab914dfffff,Tabriquet,9
node/10082379511,-6.7829189100,34.0622841100,bus,6082,8839ab9141fffff,Tabriquet,9
node/10082379582,-6.7910511100,34.0514838100,bus,6064,8839ab9169fffff,Tabriquet,9
node/10082379583,-6.7914857100,34.0521401100,bus,6064,8839ab9169fffff,Tabriquet,9
node/10082379584,-6.7896678100,34.0503792100,bus,6064,8839ab9169fffff,Tabriquet,9
node/10082379585,-6.7892937100,34.0503779100,bus,6064,8839ab9169fffff,Tabriquet,9
node/10082379586,-6.7435629100,34.0061590100,bus,5595,8839ab9ac3fffff,Hssaine,6
node/10082379587,-6.7438279100,34.0063809100,bus,5595,8839ab9ac3fffff,Hssaine,6
node/10082379588,-6.7462535100,34.0002868100,bus,5593,8839ab9ac7fffff,Hssaine,6
node/10082379589,-6.7394296100,33.9858695100,bus,5619,8839ab9a85fffff,Hssaine,6
node/10082379609,-6.7390660100,33.9786216100,bus,5619,8839ab9a85fffff,Hssaine,6
node/10082379610,-6.7388855100,33.9788675100,bus,5619,8839ab9a85fffff,Hssaine,6
node/10082379664,-6.7245097100,33.9903181100,bus,5620,8839ab9a83fffff,Hssaine,6
node/10082766663,-6.7780784100,34.0799466100,bus,5975,8839ab9335fffff,Layayda,7
node/10082766664,-6.7866162100,34.0818189100,bus,5980,8839ab9323fffff,Layayda,7
node/10082770878,-6.7849245100,34.0436216100,bus,6068,8839ab9161fffff,Bettana,5
node/10082770998,-6.7393398100,33.9931564100,bus,5615,8839ab9a8dfffff,Hssaine,6
node/10082771003,-6.7329339100,33.9927229100,bus,5621,8839ab9a81fffff,Hssaine,6
node/10082771004,-6.7273875100,33.9964101100,bus,5616,8839ab9a8bfffff,Hssaine,6
node/10082818967,-6.9189906100,33.9233543100,bus,21418,8839a86ea7fffff,Témara,7
node/10082819006,-6.9150942100,33.9242329100,bus,21420,8839a86ea3fffff,Témara,7
node/10082819008,-6.9085439100,33.9278140100,bus,21412,8839a86eb5fffff,Témara,7
node/10082819009,-6.9005733100,33.9285937100,bus,21412,8839a86eb5fffff,Témara,7
node/10082819010,-6.8892718100,33.9293431100,bus,21411,8839a86eb7fffff,Témara,7
node/10082819011,-6.8888764100,33.9249416100,bus,21411,8839a86eb7fffff,Témara,7
node/10082819012,-6.8892517100,33.9219034100,bus,21538,8839a86cddfffff,Témara,7
node/10082819013,-6.8902735100,33.9193028100,bus,21538,8839a86cddfffff,Témara,7
node/10082819014,-6.8919967100,33.9165832100,bus,21538,8839a86cddfffff,Témara,7
node/10082848302,-6.9552606100,33.8569760100,bus,21453,8839a86dc5fffff,Ain Attig,9
node/10082848303,-6.9549476100,33.8570706100,bus,21453,8839a86dc5fffff,Ain Attig,9
node/10082848304,-6.9636428100,33.8623460100,bus,21518,8839a86d1bfffff,Ain Attig,9
node/10082848305,-6.9635362100,33.8624962100,bus,21518,8839a86d1bfffff,Ain Attig,9
node/10082848331,-6.9783453100,33.8741628100,bus,21494,8839a86d53fffff,Ain Attig,9
node/10082848332,-6.9781273100,33.8742926100,bus,21494,8839a86d53fffff,Ain Attig,9
node/10082848333,-6.9830468100,33.8785440100,bus,21490,8839a86d5bfffff,Ain Attig,9
node/10082848334,-6.9829395100,33.8787187100,bus,21490,8839a86d5bfffff,Ain Attig,9
node/10082848335,-6.9792347100,33.8834518100,bus,21576,8839a86c67fffff,Ain Attig,9
node/10082848340,-6.9612390100,33.8926446100,bus,21617,8839a86c05fffff,Ain Attig,9
node/10082848341,-6.9390450100,33.9045756100,bus,21606,8839a86c1dfffff,Témara,7
node/10082848342,-6.9356315100,33.9076770100,bus,21612,8839a86c11fffff,Témara,7
node/10082848350,-6.9220357100,33.9204467100,bus,21418,8839a86ea7fffff,Témara,7
node/10082933251,-7.0415964100,33.8489157100,bus,21698,8839a868bbfffff,Skhirate,5
node/10082933262,-7.0344578100,33.8543095100,bus,21484,8839a86d69fffff,Skhirate,5
node/10082933264,-7.0000189100,33.8705477100,bus,21489,8839a86d5dfffff,Skhirate,5
node/10082933265,-6.9844066100,33.8783594100,bus,21490,8839a86d5bfffff,Ain Attig,9
node/10082933270,-6.9112791100,33.9332554100,bus,21408,8839a86ebdfffff,Témara,7
node/10082933271,-6.9046445100,33.9311567100,bus,21412,8839a86eb5fffff,Témara,7
node/10082969860,-6.8912347100,33.9233673100,bus,21411,8839a86eb7fffff,Témara,7
node/10083597363,-6.8941865100,33.9707271100,bus,21406,8839a86ed3fffff,Yacoub El Mansour,9
node/10083597364,-6.8944746100,33.9708755100,bus,21406,8839a86ed3fffff,Yacoub El Mansour,9
node/10083629461,-6.8647438100,33.9926191100,bus,21733,8839a865b9fffff,Agdal Riyad,1
node/10083629463,-6.8650811100,33.9927128100,bus,21733,8839a865b9fffff,Yacoub El Mansour,9
node/10083629619,-6.8611515100,33.9984888100,bus,21755,8839a86583fffff,Agdal Riyad,1
node/10083629620,-6.8613472100,33.9987393100,bus,21755,8839a86583fffff,Yacoub El Mansour,9
node/10083629621,-6.8484679100,34.0099580100,bus,21751,8839a86591fffff,Agdal Riyad,1
node/10083629622,-6.8419957100,34.0116197100,bus,21746,8839a8659bfffff,Agdal Riyad,1
node/10083629623,-6.8318067100,34.0152990100,bus,5636,8839ab9a4dfffff,Hassan,5
node/10083629624,-6.8282243100,34.0176672100,bus,5638,8839ab9a49fffff,Hassan,5
node/10083629625,-6.8249652100,34.0211318100,bus,5638,8839ab9a49fffff,Hassan,5
node/10085682154,-6.7233720100,34.0263455100,bus,6043,8839ab91e5fffff,Layayda,7
node/10085682155,-6.7249353100,34.0268187100,bus,6043,8839ab91e5fffff,Hssaine,6
node/10085786285,-6.8670969100,33.9704072100,bus,5548,8839ab9b49fffff,Agdal Riyad,1
node/10085786286,-6.8667913100,33.9703660100,bus,5548,8839ab9b49fffff,Agdal Riyad,1
node/10085786393,-6.8838636100,33.9357963100,bus,21413,8839a86eb3fffff,Témara,7
node/10085786397,-6.9168457100,33.9263711100,bus,21420,8839a86ea3fffff,Témara,7
node/10085786398,-6.9165858100,33.9274279100,bus,21420,8839a86ea3fffff,Témara,7
node/10085786404,-6.9256719100,33.9188931100,bus,21419,8839a86ea5fffff,Témara,7
node/10085786406,-6.9306928100,33.9229083100,bus,21419,8839a86ea5fffff,Témara,7
node/10085839242,-7.0560725100,33.8656028100,bus,21711,8839a8689dfffff,Skhirate,5
node/10085839243,-7.0466996100,33.8652993100,bus,21717,8839a86891fffff,Skhirate,5
node/10085893447,-6.9359075100,33.9414819100,bus,21401,8839a86ee7fffff,Harhoura,3
node/10085893448,-6.9360003100,33.9416333100,bus,21401,8839a86ee7fffff,Harhoura,3
node/10085893451,-6.9312958100,33.9457592100,bus,21403,8839a86ee3fffff,Harhoura,3
node/10085893452,-6.9313943100,33.9458877100,bus,21403,8839a86ee3fffff,Harhoura,3
node/10085893455,-6.9241061100,33.9534129100,bus,21429,8839a86e8dfffff,Harhoura,3
node/10085893456,-6.9238564100,33.9534033100,bus,21429,8839a86e8dfffff,Yacoub El Mansour,9
node/10085893457,-6.8985298100,33.9742444100,bus,21406,8839a86ed3fffff,Yacoub El Mansour,9
node/10085893522,-6.8876352100,33.9819568100,bus,21738,8839a865adfffff,Yacoub El Mansour,9
node/10085893525,-6.8845996100,33.9875246100,bus,21740,8839a865a9fffff,Yacoub El Mansour,9
node/10085893527,-6.8824709100,33.9928501100,bus,21754,8839a86585fffff,Yacoub El Mansour,9
node/10085893528,-6.8827701100,33.9929989100,bus,21754,8839a86585fffff,Yacoub El Mansour,9
node/10085893529,-6.8789509100,33.9962271100,bus,21754,8839a86585fffff,Yacoub El Mansour,9
node/10085893530,-6.8792508100,33.9963641100,bus,21754,8839a86585fffff,Yacoub El Mansour,9
node/10085893531,-6.8738339100,34.0013108100,bus,21756,8839a86581fffff,Yacoub El Mansour,9
node/10085893532,-6.8740061100,34.0016418100,bus,21756,8839a86581fffff,Yacoub El Mansour,9
node/10085893533,-6.8701109100,34.0050439100,bus,21752,8839a8658bfffff,Yacoub El Mansour,9
node/10085893534,-6.8703774100,34.0051971100,bus,21752,8839a8658bfffff,Yacoub El Mansour,9
node/10085898587,-6.8663448100,34.0078041100,bus,21752,8839a8658bfffff,Hassan,5
node/10085898588,-6.8666423100,34.0077390100,bus,21752,8839a8658bfffff,Yacoub El Mansour,9
node/10087870492,-6.8182091100,33.9925480100,bus,5627,8839ab9a63fffff,El Youssoufia,3
node/10087870499,-6.8180375100,33.9882473100,bus,5627,8839ab9a63fffff,El Youssoufia,3
node/10087870500,-6.8197422100,33.9868173100,bus,5627,8839ab9a63fffff,El Youssoufia,3
node/10087870501,-6.8303807100,33.9818353100,bus,5625,8839ab9a67fffff,Souissi,6
node/10087870502,-6.8344169100,33.9796471100,bus,5626,8839ab9a65fffff,Souissi,6
node/10087870505,-6.8464161100,33.9695730100,bus,5539,8839ab9b5dfffff,Souissi,6
node/10087870506,-6.8463532100,33.9694060100,bus,5539,8839ab9b5dfffff,Souissi,6
node/10087870507,-6.8498790100,33.9661541100,bus,5539,8839ab9b5dfffff,Souissi,6
node/10087870508,-6.8499328100,33.9662939100,bus,5539,8839ab9b5dfffff,Souissi,6
node/10087921347,-6.8540693100,33.9625413100,bus,5551,8839ab9b43fffff,Agdal Riyad,1
node/10087921348,-6.8538219100,33.9623458100,bus,5551,8839ab9b43fffff,Agdal Riyad,1
node/10087921349,-6.8572591100,33.9597663100,bus,5551,8839ab9b43fffff,Agdal Riyad,1
node/10087921398,-6.8589759100,33.9582913100,bus,5549,8839ab9b47fffff,Agdal Riyad,1
node/10087921399,-6.8586069100,33.9580965100,bus,5549,8839ab9b47fffff,Agdal Riyad,1
node/10087921400,-6.8613982100,33.9561217100,bus,5549,8839ab9b47fffff,Agdal Riyad,1
node/10087921401,-6.8610247100,33.9559799100,bus,5549,8839ab9b47fffff,Agdal Riyad,1
node/10087921402,-6.8634787100,33.9543109100,bus,5549,8839ab9b47fffff,Agdal Riyad,1
node/10087921403,-6.8629878100,33.9542913100,bus,5549,8839ab9b47fffff,Agdal Riyad,1
node/10087921404,-6.8665094100,33.9512267100,bus,5534,8839ab9b6bfffff,Agdal Riyad,1
node/10087921405,-6.8969138100,33.9269610100,bus,21411,8839a86eb7fffff,Témara,7
node/10087921406,-6.9020593100,33.9295043100,bus,21412,8839a86eb5fffff,Témara,7
node/10087921407,-6.9044900100,33.9312667100,bus,21412,8839a86eb5fffff,Témara,7
node/10087921408,-6.9113881100,33.9333756100,bus,21408,8839a86ebdfffff,Témara,7
node/10088022647,-6.9188783100,33.9236924100,bus,21418,8839a86ea7fffff,Témara,7
node/10088022648,-6.9220874100,33.9207724100,bus,21418,8839a86ea7fffff,Témara,7
node/10088022714,-6.9272860100,33.9155969100,bus,21607,8839a86c1bfffff,Témara,7
node/10088022715,-6.9323385100,33.9109047100,bus,21612,8839a86c11fffff,Témara,7
node/10088022716,-6.9358785100,33.9078030100,bus,21612,8839a86c11fffff,Témara,7
node/10088023217,-6.9394233100,33.9045495100,bus,21606,8839a86c1dfffff,Témara,7
node/10088023218,-6.9426683100,33.9014342100,bus,21618,8839a86c03fffff,Témara,7
node/10088023413,-6.9556679100,33.8959731100,bus,21616,8839a86c07fffff,Ain Attig,9
node/10088023521,-6.9608971100,33.8926618100,bus,21617,8839a86c05fffff,Ain Attig,9
node/10088023522,-6.9694385100,33.8883688100,bus,21601,8839a86c29fffff,Ain Attig,9
node/10088023523,-6.9750861100,33.8873028100,bus,21576,8839a86c67fffff,Ain Attig,9
node/10088023524,-6.9792922100,33.8835709100,bus,21576,8839a86c67fffff,Ain Attig,9
node/10088023525,-6.9828281100,33.8801685100,bus,21490,8839a86d5bfffff,Ain Attig,9
node/10088023536,-6.9866701100,33.8843071100,bus,21490,8839a86d5bfffff,Ain Attig,9
node/10088023550,-6.9004812100,33.9287172100,bus,21412,8839a86eb5fffff,Témara,7
node/10088023947,-6.8347222100,34.0157973100,bus,5636,8839ab9a4dfffff,Hassan,5
node/10088120866,-6.8312763100,34.0156803100,bus,5636,8839ab9a4dfffff,Hassan,5
node/10088120871,-6.7480408100,34.0356093100,bus,6085,8839ab9139fffff,Layayda,7
node/10089935657,-6.8513896100,34.0112057100,bus,21747,8839a86599fffff,Agdal Riyad,1
node/10089935666,-6.8592649100,33.9969166100,bus,21733,8839a865b9fffff,Agdal Riyad,1
node/10089935667,-6.8554505100,33.9966385100,bus,21749,8839a86595fffff,Agdal Riyad,1
node/10089975319,-6.8719281100,33.9641836100,bus,5546,8839ab9b4dfffff,Agdal Riyad,1
node/10089975320,-6.8712967100,33.9640880100,bus,5546,8839ab9b4dfffff,Agdal Riyad,1
node/10089975515,-6.8826171100,33.9413606100,bus,5533,8839ab9b6dfffff,Témara,7
node/10089975516,-6.8825311100,33.9412246100,bus,5533,8839ab9b6dfffff,Témara,7
node/10089975545,-6.8938008100,33.9319868100,bus,21414,8839a86eb1fffff,Témara,7
node/10089975547,-6.8974228100,33.9306131100,bus,21414,8839a86eb1fffff,Témara,7
node/10089975548,-6.8894292100,33.9218827100,bus,21538,8839a86cddfffff,Témara,7
node/10089975549,-6.8905499100,33.9192331100,bus,21538,8839a86cddfffff,Témara,7
node/10090484424,-6.8673241100,33.9897195100,bus,21731,8839a865bdfffff,Yacoub El Mansour,9
node/10090484425,-6.8709599100,33.9842183100,bus,21731,8839a865bdfffff,Agdal Riyad,1
node/10090484426,-6.8711967100,33.9843992100,bus,21731,8839a865bdfffff,Yacoub El Mansour,9
node/10090484428,-6.8736958100,33.9810225100,bus,21743,8839a865a3fffff,Yacoub El Mansour,9
node/10090484429,-6.8733685100,33.9810745100,bus,21743,8839a865a3fffff,Agdal Riyad,1
node/10090484430,-6.8772749100,33.9817745100,bus,21739,8839a865abfffff,Yacoub El Mansour,9
node/10090484473,-6.8912167100,33.9540072100,bus,21428,8839a86e91fffff,Yacoub El Mansour,9
node/10090601985,-6.9037290100,33.9403310100,bus,21410,8839a86eb9fffff,Témara,7
node/10090601986,-6.9035574100,33.9401925100,bus,21410,8839a86eb9fffff,Témara,7
node/10090643543,-6.9088036100,33.9335612100,bus,21408,8839a86ebdfffff,Témara,7
node/10090643544,-6.9093465100,33.9339071100,bus,21408,8839a86ebdfffff,Témara,7
node/10090643545,-6.8971721100,33.9385665100,bus,21414,8839a86eb1fffff,Témara,7
node/10090643546,-6.8973022100,33.9384383100,bus,21414,8839a86eb1fffff,Témara,7
node/10090643547,-6.8925392100,33.9363930100,bus,21414,8839a86eb1fffff,Témara,7
node/10090643548,-6.8913509100,33.9363000100,bus,21413,8839a86eb3fffff,Témara,7
node/10090643641,-6.9165709100,33.9074053100,bus,21611,8839a86c13fffff,Témara,7
node/10090643642,-6.9163247100,33.9073043100,bus,21611,8839a86c13fffff,Témara,7
node/10090643644,-6.9211981100,33.9022982100,bus,21611,8839a86c13fffff,Témara,7
node/10090643768,-6.9211384100,33.8971820100,bus,21533,8839a86ce9fffff,Témara,7
node/10090643769,-6.9207873100,33.8974457100,bus,21533,8839a86ce9fffff,Témara,7
node/10090643770,-6.9215605100,33.8907785100,bus,21531,8839a86cedfffff,Témara,7
node/10090643815,-6.9219489100,33.8817301100,bus,21535,8839a86ce5fffff,Témara,7
node/10090643816,-6.9222030100,33.8866022100,bus,21531,8839a86cedfffff,Témara,7
node/10092266823,-6.8455894100,33.9820921100,bus,21736,8839a865b3fffff,Souissi,6
node/10092266824,-6.8423056100,33.9796878100,bus,5541,8839ab9b59fffff,Souissi,6
node/10092266825,-6.8382147100,33.9772053100,bus,5541,8839ab9b59fffff,Souissi,6
node/10092266827,-6.8870616100,33.9368917100,bus,21413,8839a86eb3fffff,Témara,7
node/10092266828,-6.8874269100,33.9348032100,bus,21413,8839a86eb3fffff,Témara,7
node/10092266829,-6.8873339100,33.9349179100,bus,21413,8839a86eb3fffff,Témara,7
node/10092266830,-6.9495866100,33.8983995100,bus,21618,8839a86c03fffff,Ain Attig,9
node/10092266831,-6.9494464100,33.8982631100,bus,21618,8839a86c03fffff,Ain Attig,9
node/10092266832,-6.9641681100,33.8908237100,bus,21617,8839a86c05fffff,Ain Attig,9
node/10092266833,-6.9640535100,33.8906969100,bus,21617,8839a86c05fffff,Ain Attig,9
node/10093405178,-6.9209211100,33.9063123100,bus,21611,8839a86c13fffff,Témara,7
node/10093405179,-6.9183527100,33.9089110100,bus,21611,8839a86c13fffff,Témara,7
node/10093405180,-6.9159350100,33.9112166100,bus,21544,8839a86ccdfffff,Témara,7
node/10093405181,-6.9136443100,33.9137672100,bus,21544,8839a86ccdfffff,Témara,7
node/10093405182,-6.9120023100,33.9162532100,bus,21544,8839a86ccdfffff,Témara,7
node/10093405184,-6.9088766100,33.9229885100,bus,21546,8839a86cc9fffff,Témara,7
node/10093405185,-6.9101785100,33.9197277100,bus,21546,8839a86cc9fffff,Témara,7
node/10093405186,-6.8769662100,33.9856309100,bus,21739,8839a865abfffff,Yacoub El Mansour,9
node/10093405187,-6.8770213100,33.9858250100,bus,21739,8839a865abfffff,Yacoub El Mansour,9
node/10095697011,-6.9419228100,33.9342085100,bus,21581,8839a86c5bfffff,Harhoura,3
node/10095697012,-6.9419337100,33.9340486100,bus,21581,8839a86c5bfffff,Harhoura,3
node/10095704326,-6.9088299100,33.9277983100,bus,21420,8839a86ea3fffff,Témara,7
node/10095704327,-6.9120480100,33.9248654100,bus,21420,8839a86ea3fffff,Témara,7
node/10095704328,-6.9147876100,33.9221589100,bus,21418,8839a86ea7fffff,Témara,7
node/10095704329,-6.9149325100,33.9222315100,bus,21418,8839a86ea7fffff,Témara,7
node/10095704330,-6.9203435100,33.9169728100,bus,21418,8839a86ea7fffff,Témara,7
node/10095704331,-6.9205841100,33.9170076100,bus,21418,8839a86ea7fffff,Témara,7
node/10095704332,-6.9180314100,33.9194941100,bus,21418,8839a86ea7fffff,Témara,7
node/10095704333,-6.9177736100,33.9193539100,bus,21418,8839a86ea7fffff,Témara,7
node/10095704335,-6.9230037100,33.9147954100,bus,21607,8839a86c1bfffff,Témara,7
node/10095704336,-6.9229018100,33.9146573100,bus,21607,8839a86c1bfffff,Témara,7
node/10095706597,-6.9257789100,33.9188067100,bus,21419,8839a86ea5fffff,Témara,7
node/10095706679,-6.9305409100,33.9230207100,bus,21419,8839a86ea5fffff,Témara,7
node/10095706680,-6.9318540100,33.9257028100,bus,21419,8839a86ea5fffff,Témara,7
node/10095706681,-6.9319421100,33.9258052100,bus,21419,8839a86ea5fffff,Témara,7
node/10095706712,-6.9289953100,33.9289967100,bus,21421,8839a86ea1fffff,Témara,7
node/10095706713,-6.9291252100,33.9290126100,bus,21415,8839a86eadfffff,Témara,7
node/10095745830,-6.9554356100,33.9280807100,bus,21582,8839a86c59fffff,Harhoura,3
node/10095745831,-6.9554608100,33.9278449100,bus,21582,8839a86c59fffff,Harhoura,3
node/10095745838,-6.9585337100,33.9259236100,bus,21580,8839a86c5dfffff,Harhoura,3
node/10095745839,-6.9583964100,33.9257719100,bus,21580,8839a86c5dfffff,Harhoura,3
node/10095785976,-6.7344708100,33.9921123100,bus,5621,8839ab9a81fffff,Hssaine,6
node/10095785977,-6.7330183100,33.9928537100,bus,5621,8839ab9a81fffff,Hssaine,6
node/10095785978,-6.7366849100,33.9907186100,bus,5621,8839ab9a81fffff,Hssaine,6
node/10095785979,-6.7390307100,33.9930315100,bus,5615,8839ab9a8dfffff,Hssaine,6
node/10095785980,-6.7379305100,33.9957825100,bus,5617,8839ab9a89fffff,Hssaine,6
node/10095785981,-6.7363840100,33.9942553100,bus,5617,8839ab9a89fffff,Hssaine,6
node/10096510776,-6.7645872100,34.0254488100,bus,6096,8839ab9121fffff,Hssaine,6
node/10096510778,-6.7681723100,34.0247736100,bus,6096,8839ab9121fffff,Hssaine,6
node/10096510780,-6.7722412100,34.0219279100,bus,6096,8839ab9121fffff,Hssaine,6
node/10096510781,-6.7696362100,34.0209652100,bus,6096,8839ab9121fffff,Hssaine,6
node/10096510784,-6.7707053100,34.0188475100,bus,6094,8839ab9125fffff,Hssaine,6
node/10096510813,-6.7684633100,34.0166733100,bus,6093,8839ab9127fffff,Hssaine,6
node/10096510814,-6.7658081100,34.0154866100,bus,6093,8839ab9127fffff,Hssaine,6
node/10096510816,-6.7642494100,34.0172842100,bus,6093,8839ab9127fffff,Hssaine,6
node/10096515436,-6.7610918100,34.0201815100,bus,6095,8839ab9123fffff,Hssaine,6
node/10096515437,-6.7581651100,34.0228634100,bus,6095,8839ab9123fffff,Hssaine,6
node/10096554684,-6.8784553100,33.9845574100,bus,21739,8839a865abfffff,Yacoub El Mansour,9
node/10098636577,-6.8119186100,34.0275691100,bus,21760,8839a864b7fffff,Bab Lamrissa,3
node/10098636578,-6.8071835100,34.0253443100,bus,21760,8839a864b7fffff,Bab Lamrissa,3
node/10098636579,-6.7967859100,34.0231209100,bus,5631,8839ab9a59fffff,Bettana,5
node/10098636580,-6.7868446100,34.0147948100,bus,5634,8839ab9a53fffff,Bettana,5
node/10098636581,-6.7682880100,34.0028700100,bus,5661,8839ab9a13fffff,Hssaine,6
node/10098636582,-6.7654809100,33.9973581100,bus,5661,8839ab9a13fffff,Hssaine,6
node/10098636583,-6.7638381100,33.9922096100,bus,5580,8839ab9ae9fffff,Hssaine,6
node/10098636584,-6.7627054100,33.9890977100,bus,5580,8839ab9ae9fffff,Hssaine,6
node/10098636585,-6.7510964100,33.9998064100,bus,5593,8839ab9ac7fffff,Hssaine,6
node/10098636586,-6.7419529100,33.9979786100,bus,5617,8839ab9a89fffff,Hssaine,6
node/10098636587,-6.7362312100,33.9903940100,bus,5621,8839ab9a81fffff,Hssaine,6
node/10098636588,-6.7369565100,33.9908097100,bus,5621,8839ab9a81fffff,Hssaine,6
node/10098721155,-6.8222569100,34.0425151100,bus,21759,8839a864b9fffff,Bab Lamrissa,3
node/10098721156,-6.8242982100,34.0436442100,bus,21777,8839a86487fffff,Bab Lamrissa,3
node/10098721157,-6.8270248100,34.0490717100,bus,21778,8839a86483fffff,Bab Lamrissa,3
node/10098721264,-6.8242772100,34.0519700100,bus,21778,8839a86483fffff,Bab Lamrissa,3
node/10099056231,-6.7965030100,34.0646495100,bus,21771,8839a8649bfffff,Bab Lamrissa,3
node/10099056232,-6.7967690100,34.0646593100,bus,21771,8839a8649bfffff,Bab Lamrissa,3
node/10099059367,-6.7954449100,34.0724155100,bus,5978,8839ab9327fffff,Bab Lamrissa,3
node/10099059369,-6.7933421100,34.0745936100,bus,5978,8839ab9327fffff,Bab Lamrissa,3
node/10099059872,-6.7901809100,34.0777823100,bus,5980,8839ab9323fffff,Bab Lamrissa,3
node/10099059874,-6.7879866100,34.0799713100,bus,5980,8839ab9323fffff,Layayda,7
node/10099078000,-6.7869542100,34.0722754100,bus,6078,8839ab9149fffff,Bab Lamrissa,3
node/10104571870,-6.8328847100,34.0212966100,bus,21766,8839a864a7fffff,Hassan,5
node/10106733793,-6.8415282100,33.9943648100,bus,5622,8839ab9a6dfffff,Agdal Riyad,1
node/10106733794,-6.8434309100,33.9975550100,bus,21748,8839a86597fffff,Agdal Riyad,1
node/10106747041,-6.8490470100,33.9984048100,bus,21748,8839a86597fffff,Agdal Riyad,1
node/10108899403,-6.8515687100,33.9886798100,bus,21732,8839a865bbfffff,Agdal Riyad,1
node/10108899405,-6.9032389100,33.9656091100,bus,21405,8839a86ed7fffff,Yacoub El Mansour,9
node/10108899406,-6.9001453100,33.9680052100,bus,21405,8839a86ed7fffff,Yacoub El Mansour,9
node/10108899407,-6.8805628100,33.9618596100,bus,21423,8839a86e9bfffff,Agdal Riyad,1
node/10114762480,-6.8245560100,33.9530946100,bus,5564,8839ab9b1dfffff,Souissi,6
node/10114762565,-6.8231523100,33.9479692100,bus,5568,8839ab9b15fffff,Souissi,6
node/10115002460,-6.8167964100,34.0402246100,bus,21759,8839a864b9fffff,Bab Lamrissa,3
node/10115253878,-6.8422138100,34.0117285100,bus,21746,8839a8659bfffff,Agdal Riyad,1
node/10115253879,-6.8482703100,34.0101686100,bus,21751,8839a86591fffff,Agdal Riyad,1
node/10115253880,-6.8528061100,34.0090534100,bus,21751,8839a86591fffff,Agdal Riyad,1
node/10117562306,-6.8288867100,33.8985901100,bus,5710,8839ab9947fffff,Souissi,6
node/10117562307,-6.8183184100,33.9116714100,bus,5700,8839ab995dfffff,Souissi,6
node/10117562308,-6.8175345100,33.9150436100,bus,5700,8839ab995dfffff,Souissi,6
node/10117562317,-6.8216593100,33.9241588100,bus,5556,8839ab9b37fffff,Souissi,6
node/10117562318,-6.8206551100,33.9358453100,bus,5554,8839ab9b3bfffff,Souissi,6
node/10117562319,-6.8257129100,33.9577916100,bus,5566,8839ab9b19fffff,Souissi,6
node/10276483025,-6.8156715100,34.0387851100,taxi,21763,8839a864b1fffff,Bab Lamrissa,3
node/10705157305,-6.7835562100,34.0845674100,bus,5971,8839ab933dfffff,Layayda,7
node/11005642178,-7.0183985100,33.8837486100,bus,21393,8839a86f35fffff,Skhirate,5
node/11134670705,-7.0602105100,33.8362822100,bus,21697,8839a868bdfffff,Skhirate,5
node/11603596742,-6.9018524100,33.9295175100,bus,21412,8839a86eb5fffff,Témara,7
node/11841571359,-6.8551771100,34.0014076100,bus,21749,8839a86595fffff,Agdal Riyad,1
node/11876112174,-6.8501904100,33.9953902100,bus,21732,8839a865bbfffff,Agdal Riyad,1
node/11992660877,-6.8825009100,33.9641769100,train,21423,8839a86e9bfffff,Agdal Riyad,1
node/12120284602,-7.0579591100,33.8347808100,taxi,21701,8839a868b5fffff,Skhirate,5
node/12120284603,-7.0571923100,33.8378001100,taxi,21697,8839a868bdfffff,Skhirate,5
node/12146386658,-6.7783082100,34.0904975100,bus,5973,8839ab9339fffff,Layayda,7
node/12146386659,-6.7784788100,34.0903189100,bus,5973,8839ab9339fffff,Layayda,7
node/12146587996,-6.7750399100,34.0827213100,bus,5977,8839ab9331fffff,Layayda,7
node/12146973471,-6.7944196100,34.0431084100,bus,6062,8839ab916dfffff,Bettana,5
node/12146973496,-6.7728192100,34.0711876100,bus,6077,8839ab914bfffff,Layayda,7
node/12146994197,-6.7631524100,34.0652135100,bus,6069,8839ab915dfffff,Layayda,7
node/12146994198,-6.7650933100,34.0631554100,bus,6073,8839ab9155fffff,Layayda,7
node/12146994199,-6.7677059100,34.0604453100,bus,6081,8839ab9143fffff,Layayda,7
node/12146994200,-6.7696784100,34.0583314100,bus,6081,8839ab9143fffff,Layayda,7
node/12147023601,-6.7639961100,34.0751112100,bus,5974,8839ab9337fffff,Layayda,7
node/12147023602,-6.7666249100,34.0736709100,bus,5974,8839ab9337fffff,Layayda,7
node/12147023603,-6.7645851100,34.0745097100,bus,5974,8839ab9337fffff,Layayda,7
node/12147023604,-6.7654169100,34.0761700100,bus,5974,8839ab9337fffff,Layayda,7
node/12148095830,-6.8469136100,33.9965065100,bus,21748,8839a86597fffff,Agdal Riyad,1
node/12148095876,-6.8731048100,33.9705445100,bus,21741,8839a865a7fffff,Agdal Riyad,1
node/12148095878,-6.8773489100,33.9649828100,bus,5546,8839ab9b4dfffff,Agdal Riyad,1
node/12148095883,-6.8776748100,33.9568797100,bus,21427,8839a86e93fffff,Agdal Riyad,1
node/12148095884,-6.8738393100,33.9541864100,bus,5550,8839ab9b45fffff,Agdal Riyad,1
node/12148095885,-6.8719837100,33.9528542100,bus,5550,8839ab9b45fffff,Agdal Riyad,1
node/12148095888,-6.9023559100,33.9286129100,bus,21412,8839a86eb5fffff,Témara,7
node/12148119307,-6.9080748100,33.9247979100,bus,21546,8839a86cc9fffff,Témara,7
node/12148119308,-6.9227414100,33.9047047100,bus,21611,8839a86c13fffff,Témara,7
node/12148119309,-6.9244188100,33.9031050100,bus,21611,8839a86c13fffff,Témara,7
node/12148119310,-6.9261842100,33.9014651100,bus,21609,8839a86c17fffff,Témara,7
node/12148512342,-6.7562204100,34.0245156100,bus,6095,8839ab9123fffff,Hssaine,6
node/12148512343,-6.7470683100,34.0034897100,bus,5593,8839ab9ac7fffff,Hssaine,6
node/12148512344,-6.7464111100,34.0002475100,bus,5593,8839ab9ac7fffff,Hssaine,6
node/12148512345,-6.7440218100,33.9981031100,bus,5593,8839ab9ac7fffff,Hssaine,6
node/12148512346,-6.7441764100,33.9980729100,bus,5593,8839ab9ac7fffff,Hssaine,6
node/12150021617,-7.0536040100,33.8638792100,bus,21711,8839a8689dfffff,Skhirate,5
node/12150021619,-7.0467299100,33.8654548100,bus,21717,8839a86891fffff,Skhirate,5
node/12150021620,-7.0385454100,33.8695013100,bus,21712,8839a8689bfffff,Skhirate,5
node/12150021621,-7.0279564100,33.8758887100,bus,21396,8839a86f27fffff,Skhirate,5
node/12150021622,-7.0279466100,33.8761235100,bus,21396,8839a86f27fffff,Skhirate,5
node/12150021623,-7.0251807100,33.8780346100,bus,21498,8839a86d49fffff,Skhirate,5
node/12150021624,-7.0184429100,33.8839086100,bus,21393,8839a86f35fffff,Skhirate,5
node/12150021625,-6.9929937100,33.9019314100,bus,21575,8839a86c69fffff,Harhoura,3
node/12150021634,-6.9821292100,33.9079687100,bus,21589,8839a86c45fffff,Harhoura,3
node/12150021635,-6.9821231100,33.9081904100,bus,21589,8839a86c45fffff,Harhoura,3
node/12150021636,-6.9773686100,33.9118391100,bus,21589,8839a86c45fffff,Harhoura,3
node/12150021637,-6.9775605100,33.9119361100,bus,21589,8839a86c45fffff,Harhoura,3
node/12150137791,-6.9749004100,33.9138022100,bus,21591,8839a86c41fffff,Harhoura,3
node/12150137800,-6.9670442100,33.9184032100,bus,21590,8839a86c43fffff,Harhoura,3
node/12150141201,-6.9673355100,33.9184229100,bus,21590,8839a86c43fffff,Harhoura,3
node/12150141202,-6.9635847100,33.9209602100,bus,21580,8839a86c5dfffff,Harhoura,3
node/12150141203,-6.9637829100,33.9209788100,bus,21580,8839a86c5dfffff,Harhoura,3
node/12150223418,-6.9400955100,33.9380209100,bus,21401,8839a86ee7fffff,Harhoura,3
node/12150223419,-6.9399418100,33.9378933100,bus,21401,8839a86ee7fffff,Harhoura,3
node/12150223420,-6.9287830100,33.9480984100,bus,21403,8839a86ee3fffff,Yacoub El Mansour,9
node/12150223421,-6.9071918100,33.9694611100,bus,21407,8839a86ed1fffff,Yacoub El Mansour,9
node/12150223461,-6.9029987100,33.9723694100,bus,21406,8839a86ed3fffff,Yacoub El Mansour,9
node/12150223462,-6.9031594100,33.9724445100,bus,21406,8839a86ed3fffff,Yacoub El Mansour,9
node/12150223463,-6.8985248100,33.9744576100,bus,21406,8839a86ed3fffff,Yacoub El Mansour,9
node/12151781274,-6.9867192100,33.8843552100,bus,21490,8839a86d5bfffff,Ain Attig,9
node/12152116891,-7.0561620100,33.8655232100,bus,21711,8839a8689dfffff,Skhirate,5
node/12152116892,-7.0562356100,33.8654681100,bus,21711,8839a8689dfffff,Skhirate,5
node/12152116897,-6.9584676100,33.9259244100,bus,21580,8839a86c5dfffff,Harhoura,3
node/12152116898,-6.8444708100,34.0179719100,bus,21746,8839a8659bfffff,Hassan,5
node/12152116899,-6.8442797100,34.0180388100,bus,21746,8839a8659bfffff,Agdal Riyad,1
node/12152166961,-6.8401324100,34.0203340100,bus,21766,8839a864a7fffff,Agdal Riyad,1
node/12152166962,-6.8402504100,34.0203798100,bus,21766,8839a864a7fffff,Agdal Riyad,1
node/12152174844,-6.8596187100,34.0017566100,bus,21755,8839a86583fffff,Yacoub El Mansour,9
node/12152177068,-6.7246130100,33.9902975100,bus,5620,8839ab9a83fffff,Hssaine,6
node/12152181696,-7.0749687100,33.8299604100,bus,21707,8839a868a7fffff,Skhirate,5
node/12152181697,-7.0749682100,33.8298764100,bus,21707,8839a868a7fffff,Skhirate,5
node/12152388052,-6.7480158100,34.0356502100,bus,6085,8839ab9139fffff,Layayda,7
node/12152808698,-6.8898850100,33.9772685100,bus,21738,8839a865adfffff,Yacoub El Mansour,9
node/12152808699,-6.8900369100,33.9773765100,bus,21738,8839a865adfffff,Yacoub El Mansour,9
node/12152808700,-6.8879565100,33.9806981100,bus,21738,8839a865adfffff,Yacoub El Mansour,9
node/12152808701,-6.8878704100,33.9805689100,bus,21738,8839a865adfffff,Yacoub El Mansour,9
node/12152808702,-6.8874482100,33.9820272100,bus,21738,8839a865adfffff,Yacoub El Mansour,9
node/12152808703,-6.8887464100,33.9836919100,bus,21740,8839a865a9fffff,Yacoub El Mansour,9
node/12152808704,-6.8889141100,33.9833946100,bus,21740,8839a865a9fffff,Yacoub El Mansour,9
node/12152808705,-6.8873963100,33.9850552100,bus,21740,8839a865a9fffff,Yacoub El Mansour,9
node/12152808706,-6.8874303100,33.9848836100,bus,21740,8839a865a9fffff,Yacoub El Mansour,9
node/12152808707,-6.8846574100,33.9877933100,bus,21740,8839a865a9fffff,Yacoub El Mansour,9
node/12152808708,-6.8829181100,33.9894821100,bus,21740,8839a865a9fffff,Yacoub El Mansour,9
node/12152808709,-6.8827670100,33.9893920100,bus,21740,8839a865a9fffff,Yacoub El Mansour,9
node/12152808718,-6.8839525100,33.9911495100,bus,21754,8839a86585fffff,Yacoub El Mansour,9
node/12152808719,-6.8841069100,33.9910189100,bus,21740,8839a865a9fffff,Yacoub El Mansour,9
node/12152885056,-6.7562452100,34.0245478100,bus,6095,8839ab9123fffff,Hssaine,6
node/12152894008,-6.7742366100,34.0876861100,bus,5977,8839ab9331fffff,Layayda,7
node/12152894009,-6.7741119100,34.0877561100,bus,5977,8839ab9331fffff,Layayda,7
node/12153569660,-6.9005017100,33.9286600100,bus,21412,8839a86eb5fffff,Témara,7
node/12153569661,-6.8920722100,33.9161051100,bus,21538,8839a86cddfffff,Témara,7
node/12153569662,-6.8919269100,33.9165922100,bus,21538,8839a86cddfffff,Témara,7
node/12153569663,-6.8921190100,33.9161790100,bus,21538,8839a86cddfffff,Témara,7
node/12153569664,-6.8904361100,33.9192929100,bus,21538,8839a86cddfffff,Témara,7
node/12153569665,-6.8903714100,33.9193056100,bus,21538,8839a86cddfffff,Témara,7
node/12153987698,-6.8272860100,34.0242315100,bus,5638,8839ab9a49fffff,Hassan,5
node/12154215484,-6.8030536100,34.0637675100,bus,21771,8839a8649bfffff,Bab Lamrissa,3
node/12154215485,-6.8011216100,34.0663609100,bus,21771,8839a8649bfffff,Bab Lamrissa,3
node/12154215486,-6.7981650100,34.0699211100,bus,5978,8839ab9327fffff,Bab Lamrissa,3
node/12154215494,-6.8140894100,34.0552001100,bus,21770,8839a8649dfffff,Bab Lamrissa,3
node/12154215495,-6.8161934100,34.0578008100,bus,21770,8839a8649dfffff,Bab Lamrissa,3
node/12154484527,-6.8151448100,34.0354670100,bus,21763,8839a864b1fffff,Bettana,5
node/12154529630,-7.0601643100,33.8361766100,bus,21697,8839a868bdfffff,Skhirate,5
node/12154529631,-7.0569604100,33.8378962100,bus,21703,8839a868b1fffff,Skhirate,5
node/12154529633,-7.0459835100,33.8454122100,bus,21698,8839a868bbfffff,Skhirate,5
node/12154529634,-7.0449614100,33.8393526100,bus,21702,8839a868b3fffff,Skhirate,5
node/12154529635,-7.0416219100,33.8491062100,bus,21698,8839a868bbfffff,Skhirate,5
node/12154529636,-7.0386194100,33.8518346100,bus,21714,8839a86897fffff,Skhirate,5
node/12154529637,-7.0345705100,33.8544126100,bus,21484,8839a86d69fffff,Skhirate,5
node/12154529638,-7.0287770100,33.8574282100,bus,21484,8839a86d69fffff,Skhirate,5
node/12154529639,-7.0182122100,33.8615410100,bus,21499,8839a86d47fffff,Skhirate,5
node/12154529640,-7.0111862100,33.8639922100,bus,21501,8839a86d43fffff,Skhirate,5
node/12154529641,-6.9997519100,33.8703978100,bus,21489,8839a86d5dfffff,Skhirate,5
node/12154529642,-6.9844887100,33.8784733100,bus,21490,8839a86d5bfffff,Ain Attig,9
node/12155400095,-6.7913737100,34.0468933100,bus,6064,8839ab9169fffff,Tabriquet,9
node/12155400096,-6.7914525100,34.0467845100,bus,6064,8839ab9169fffff,Bettana,5
node/12155613067,-6.8175539100,33.9953878100,bus,5663,8839ab9a0dfffff,El Youssoufia,3
node/12155613079,-6.8322206100,34.0124445100,bus,5636,8839ab9a4dfffff,Touarga,7
node/12155980909,-6.8678075100,33.9913327100,bus,21753,8839a86587fffff,Yacoub El Mansour,9
node/12155980910,-6.8678172100,33.9914806100,bus,21753,8839a86587fffff,Yacoub El Mansour,9
node/12155981296,-6.8217479100,33.9740995100,bus,5649,8839ab9a2dfffff,El Youssoufia,3
node/12156150456,-6.8361788100,34.0227450100,bus,21766,8839a864a7fffff,Hassan,5
node/12156186626,-6.7812852100,34.0870992100,bus,5971,8839ab933dfffff,Layayda,7
node/12156186627,-6.7813920100,34.0872386100,bus,5971,8839ab933dfffff,Layayda,7
node/12156277543,-6.8360983100,34.0227707100,bus,21766,8839a864a7fffff,Hassan,5
node/12156317355,-6.7822720100,34.0606190100,bus,6082,8839ab9141fffff,Tabriquet,9
node/12156317356,-6.7754698100,34.0697403100,bus,6077,8839ab914bfffff,Layayda,7
node/12156317357,-6.7743439100,34.0702043100,bus,6077,8839ab914bfffff,Layayda,7
node/12156662662,-6.8360876100,34.0228207100,bus,21766,8839a864a7fffff,Hassan,5
node/12156662663,-6.8361948100,34.0227839100,bus,21766,8839a864a7fffff,Hassan,5
node/12156682742,-6.8424366100,33.9733598100,bus,5541,8839ab9b59fffff,Souissi,6
node/12156682743,-6.8422031100,33.9732420100,bus,5541,8839ab9b59fffff,Souissi,6
node/12156717644,-6.8274208100,34.0241593100,bus,5638,8839ab9a49fffff,Hassan,5
node/12158563271,-6.8125318100,33.9911327100,bus,5667,8839ab9a05fffff,El Youssoufia,3
node/12158563272,-6.8040587100,33.9901621100,bus,5666,8839ab9a07fffff,El Youssoufia,3
node/12158563273,-6.8040849100,33.9903027100,bus,5666,8839ab9a07fffff,El Youssoufia,3
node/12158563274,-6.7989836100,33.9907602100,bus,5666,8839ab9a07fffff,El Youssoufia,3
node/12158563275,-6.7989082100,33.9908982100,bus,5666,8839ab9a07fffff,El Youssoufia,3
node/12158563276,-6.7384656100,33.9888337100,bus,5615,8839ab9a8dfffff,Hssaine,6
node/12158629409,-6.7391877100,33.9994459100,bus,5617,8839ab9a89fffff,Hssaine,6
node/12158629410,-6.7393689100,33.9990663100,bus,5617,8839ab9a89fffff,Hssaine,6
node/12158629411,-6.7429691100,34.0061511100,bus,5595,8839ab9ac3fffff,Hssaine,6
node/12158629412,-6.8270322100,34.0206832100,bus,5638,8839ab9a49fffff,Hassan,5
node/12160307931,-6.7474647100,34.0692064100,bus,6074,8839ab9153fffff,Layayda,7
node/12160307932,-6.7567487100,34.0696062100,bus,6075,8839ab9151fffff,Layayda,7
node/12160307933,-6.7544956100,34.0701483100,bus,6075,8839ab9151fffff,Layayda,7
node/12160307934,-6.7499842100,34.0697617100,bus,6075,8839ab9151fffff,Layayda,7
node/12160307936,-6.7734150100,34.0800578100,bus,5974,8839ab9337fffff,Layayda,7
node/12160307937,-6.7735261100,34.0799811100,bus,5975,8839ab9335fffff,Layayda,7
node/12160711946,-6.7354657100,34.0380946100,bus,6084,8839ab913bfffff,Layayda,7
node/12160734067,-6.8151433100,34.0385315100,train,21763,8839a864b1fffff,Tabriquet,9
node/12167273455,-6.8566440100,34.0015872100,train,21749,8839a86595fffff,Agdal Riyad,1
node/12170459816,-6.8126557100,34.0521924100,bus,21774,8839a86495fffff,Bab Lamrissa,3
node/12170459817,-6.8127814100,34.0521384100,bus,21774,8839a86495fffff,Bab Lamrissa,3
node/12170459819,-6.8494316100,34.0227318100,bus,21767,8839a864a5fffff,Hassan,5
node/12170459820,-6.8456935100,34.0230369100,bus,21767,8839a864a5fffff,Hassan,5
node/12174760312,-6.8273164100,34.0242858100,bus,5638,8839ab9a49fffff,Hassan,5
node/12184198155,-6.9055257100,33.9648370100,bus,21405,8839a86ed7fffff,Yacoub El Mansour,9
node/12188302080,-6.8051203100,34.0525026100,train,21773,8839a86497fffff,Bab Lamrissa,3
node/12188302081,-6.8826342100,33.9642076100,train,21423,8839a86e9bfffff,Agdal Riyad,1
node/12189923311,-6.8567392100,34.0017625100,train,21749,8839a86595fffff,Agdal Riyad,1
node/12768413309,-6.8515504100,33.9901327100,bus,21732,8839a865bbfffff,Agdal Riyad,1
