fid,h3,population,surface_to,Province,Commune,CodeProv,CodeCom,pop_24,surf_comm,id,surface_in,pop_corr,Arrêts,classifica,long,lat
21764,8839a864adfffff,13,793912.503,Rabat,Hassan,421,5,92454,112600.6317,node/21141275,112600.6317,2,0,Non desservi,-6.84752945,34.02832009
21767,8839a864a5fffff,14618,793860.007,Rabat,Agdal Riyad,421,1,70435,13676.56139,node/21141275,13676.56139,252,0,Non desservi,-6.84240562,34.01960964
21767,8839a864a5fffff,14618,793860.007,Rabat,Hassan,421,5,92454,780183.4642,node/21141275,780183.4642,14366,8,Bien desservi,-6.84664252,34.02264984
21769,8839a864a1fffff,2672,793813.865,Rabat,Hassan,421,5,92454,684958.3387,node/21141275,495993.8259,1670,3,Modérément desservi,-6.84166787,34.02850815
6063,8839ab916bfffff,30124,793280.003,Salé,Bettana,441,5,76233,307331.7124,node/21141275,307331.7124,11671,4,Modérément desservi,-6.78223167,34.04534343
6063,8839ab916bfffff,30124,793280.003,Salé,Tabriquet,441,9,237385,485948.2913,node/21141275,485948.2913,18453,11,Bien desservi,-6.78219765,34.04864271
6064,8839ab9169fffff,23352,793378.838,Salé,Bettana,441,5,76233,112151.2235,node/21141275,112151.2235,3301,3,Modérément desservi,-6.79080359,34.04553997
6064,8839ab9169fffff,23352,793378.838,Salé,Tabriquet,441,9,237385,681227.6276,node/21141275,681227.6276,20051,9,Bien desservi,-6.79239611,34.04900739
6068,8839ab9161fffff,25812,793326.372,Salé,Bettana,441,5,76233,793326.3722,node/21141275,793326.3722,25812,7,Bien desservi,-6.78823734,34.04069737
6080,8839ab9145fffff,31324,793332.435,Salé,Tabriquet,441,9,237385,793332.435,node/21141275,793332.435,31324,9,Bien desservi,-6.78648656,34.05582507
21731,8839a865bdfffff,10380,793991.387,Rabat,Agdal Riyad,421,1,70435,681621.3109,node/21141275,681621.3109,8911,7,Bien desservi,-6.8658925,33.98494968
21731,8839a865bdfffff,10380,793991.387,Rabat,Yacoub El Mansour,421,9,168391,112370.0675,node/21141275,112370.0675,1469,3,Modérément desservi,-6.8702318,33.98676351
21735,8839a865b5fffff,1089,793938.661,Rabat,Agdal Riyad,421,1,70435,591537.1925,node/21141275,591537.1925,811,2,Modérément desservi,-6.86226551,33.97871968
21735,8839a865b5fffff,1089,793938.661,Rabat,Souissi,421,6,21049,202401.483,node/21141275,197113.3642,270,1,Peu desservi,-6.85851187,33.97599141
21737,8839a865b1fffff,2949,793892.789,Rabat,Agdal Riyad,421,1,70435,786710.7135,node/21141275,786710.7135,2922,12,Bien desservi,-6.8560987,33.98491051
21737,8839a865b1fffff,2949,793892.789,Rabat,Souissi,421,6,21049,7182.095792,node/21141275,7182.095792,27,0,Non desservi,-6.85434537,33.98098219
21743,8839a865a3fffff,11274,794037.24,Rabat,Agdal Riyad,421,1,70435,640752.216,node/21141275,640752.216,9098,4,Modérément desservi,-6.87118875,33.97860188
21743,8839a865a3fffff,11274,794037.24,Rabat,Yacoub El Mansour,421,9,168391,153285.0275,node/21141275,153285.0275,2176,3,Modérément desservi,-6.87545403,33.98055987
21733,8839a865b9fffff,5399,793945.483,Rabat,Agdal Riyad,421,1,70435,731263.4188,node/21141275,731263.4188,4973,10,Bien desservi,-6.85999769,33.99288425
21733,8839a865b9fffff,5399,793945.483,Rabat,Yacoub El Mansour,421,9,168391,62682.04561,node/21141275,62682.04561,426,1,Peu desservi,-6.86464726,33.9940269
21732,8839a865bbfffff,5846,793846.866,Rabat,Agdal Riyad,421,1,70435,793846.8662,node/21141275,793846.8662,5846,13,Bien desservi,-6.85015596,33.99208384
21748,8839a86597fffff,5984,793800.892,Rabat,Agdal Riyad,421,1,70435,715430.3293,node/21141275,715430.3293,5393,12,Bien desservi,-6.84480784,33.9993516
21748,8839a86597fffff,5984,793800.892,Rabat,Touarga,421,7,5703,78370.54881,node/21141275,78370.54881,591,0,Non desservi,-6.84006556,34.00043674
21749,8839a86595fffff,9270,793899.527,Rabat,Agdal Riyad,421,1,70435,793777.2955,node/21141275,793777.2955,9269,12,Bien desservi,-6.85436085,34.00004274
21749,8839a86595fffff,9270,793899.527,Rabat,Hassan,421,5,92454,106.5275521,node/21141275,106.5275521,1,0,Non desservi,-6.85912815,34.00287626
21749,8839a86595fffff,9270,793899.527,Rabat,Yacoub El Mansour,421,9,168391,15.7025945,node/21141275,15.7025945,0,0,Non desservi,-6.85916447,34.00273238
5624,8839ab9a69fffff,271,793702.221,Rabat,Agdal Riyad,421,1,70435,93028.34881,node/21141275,70720.17793,24,0,Non desservi,-6.83789857,33.99741655
5624,8839ab9a69fffff,271,793702.221,Rabat,Souissi,421,6,21049,494509.1631,node/21141275,404821.4946,138,0,Non desservi,-6.83090093,33.9978551
5624,8839ab9a69fffff,271,793702.221,Rabat,Touarga,421,7,5703,206164.7063,node/21141275,33813.86097,12,0,Non desservi,-6.83233489,34.00197874
21750,8839a86593fffff,2461,793754.867,Rabat,Agdal Riyad,421,1,70435,399584.9196,node/21141275,399584.9196,1239,5,Modérément desservi,-6.83993077,34.00719691
21750,8839a86593fffff,2461,793754.867,Rabat,Touarga,421,7,5703,394169.9549,node/21141275,220547.4824,684,0,Non desservi,-6.83695362,34.00616042
21751,8839a86591fffff,5983,793853.52,Rabat,Agdal Riyad,421,1,70435,792091.5139,node/21141275,792091.5139,5970,7,Bien desservi,-6.84841693,34.0072157
21751,8839a86591fffff,5983,793853.52,Rabat,Hassan,421,5,92454,1761.997458,node/21141275,1761.997458,13,0,Non desservi,-6.85306234,34.00998608
5636,8839ab9a4dfffff,10848,793708.79,Rabat,Agdal Riyad,421,1,70435,5688.235986,node/21141275,5688.235986,78,0,Non desservi,-6.83745271,34.01225256
5636,8839ab9a4dfffff,10848,793708.79,Rabat,Hassan,421,5,92454,595375.3631,node/21141275,595375.3631,8137,9,Bien desservi,-6.83221466,34.01454251
5636,8839ab9a4dfffff,10848,793708.79,Rabat,Touarga,421,7,5703,192645.2149,node/21141275,192645.2149,2633,2,Modérément desservi,-6.83381227,34.01082677
5637,8839ab9a4bfffff,1297,793563.936,Rabat,El Youssoufia,421,3,157587,231238.9195,node/21141275,42365.12522,69,0,Non desservi,-6.81979779,34.01770834
5637,8839ab9a4bfffff,1297,793563.936,Rabat,Hassan,421,5,92454,562325.0226,node/21141275,155877.2548,255,0,Non desservi,-6.82048136,34.02051273
5638,8839ab9a49fffff,15453,793662.662,Rabat,Hassan,421,5,92454,793662.6617,node/21141275,793662.6617,15453,18,Très bien desservi,-6.82637733,34.02077147
5641,8839ab9a41fffff,4317,793610.082,Rabat,El Youssoufia,421,3,157587,301523.5734,node/21141275,69490.70822,378,0,Non desservi,-6.81981132,34.01592443
5641,8839ab9a41fffff,4317,793610.082,Rabat,Hassan,421,5,92454,492086.5145,node/21141275,470852.0678,2561,3,Modérément desservi,-6.82375809,34.01314446
21766,8839a864a7fffff,9646,793761.352,Rabat,Agdal Riyad,421,1,70435,52961.96547,node/21141275,52961.96547,644,6,Modérément desservi,-6.84078567,34.01984448
21766,8839a864a7fffff,9646,793761.352,Rabat,Hassan,421,5,92454,740799.4009,node/21141275,740799.4009,9002,15,Très bien desservi,-6.83642117,34.02247746
21757,8839a864bdfffff,14301,793668.979,Salé,Bab Lamrissa,441,3,167319,793668.9792,node/21141275,369295.9964,6654,0,Non desservi,-6.82120757,34.0359885
21758,8839a864bbfffff,17479,793523.97,Salé,Bab Lamrissa,441,3,167319,45935.45588,node/21141275,45935.45588,1012,0,Non desservi,-6.81282351,34.04410911
21758,8839a864bbfffff,17479,793523.97,Salé,Tabriquet,441,9,237385,747588.4938,node/21141275,747588.4938,16467,13,Bien desservi,-6.80824987,34.0426536
21759,8839a864b9fffff,14892,793622.716,Salé,Bab Lamrissa,441,3,167319,790013.7389,node/21141275,790013.7389,14824,14,Bien desservi,-6.81865829,34.04331057
21759,8839a864b9fffff,14892,793622.716,Salé,Tabriquet,441,9,237385,3608.985855,node/21141275,3608.985855,68,0,Non desservi,-6.81402177,34.04053653
21763,8839a864b1fffff,10189,793570.252,Salé,Bab Lamrissa,441,3,167319,257426.2451,node/21141275,257426.2451,3305,8,Bien desservi,-6.81810855,34.0349506
21763,8839a864b1fffff,10189,793570.252,Salé,Bettana,441,5,76233,288799.2667,node/21141275,288799.2667,3708,2,Modérément desservi,-6.812913,34.03289704
21763,8839a864b1fffff,10189,793570.252,Salé,Tabriquet,441,9,237385,247344.7371,node/21141275,247344.7371,3176,4,Modérément desservi,-6.8126372,34.03754742
21773,8839a86497fffff,22246,793477.637,Salé,Bab Lamrissa,441,3,167319,46783.81537,node/21141275,46783.81537,1312,1,Peu desservi,-6.8065194,34.05189623
21773,8839a86497fffff,22246,793477.637,Salé,Tabriquet,441,9,237385,746693.8011,node/21141275,746693.8011,20934,12,Bien desservi,-6.80253456,34.04950984
21775,8839a86493fffff,17763,793431.253,Salé,Bab Lamrissa,441,3,167319,46895.15305,node/21141275,46895.15305,1050,0,Non desservi,-6.80062038,34.0589747
21775,8839a86493fffff,17763,793431.253,Salé,Tabriquet,441,9,237385,746536.079,node/21141275,746536.079,16713,10,Bien desservi,-6.79657669,34.05665741
6062,8839ab916dfffff,31048,793425.189,Salé,Bettana,441,5,76233,265683.5695,node/21141275,265683.5695,10397,5,Modérément desservi,-6.79516566,34.04059709
6062,8839ab916dfffff,31048,793425.189,Salé,Tabriquet,441,9,237385,527741.6223,node/21141275,527741.6223,20651,2,Modérément desservi,-6.79968925,34.04191616
21774,8839a86495fffff,15386,793576.401,Salé,Bab Lamrissa,441,3,167319,769799.1364,node/21141275,769799.1364,14925,7,Bien desservi,-6.81266403,34.05087608
21774,8839a86495fffff,15386,793576.401,Salé,Tabriquet,441,9,237385,23777.2857,node/21141275,23777.2857,461,0,Non desservi,-6.80855504,34.04768137
21761,8839a864b5fffff,4206,793616.482,Rabat,Hassan,421,5,92454,408943.114,node/21141275,406719.0699,2156,2,Modérément desservi,-6.820511,34.02559868
21761,8839a864b5fffff,4206,793616.482,Salé,Bab Lamrissa,441,3,167319,384538.7172,node/21141275,372548.9442,1974,2,Modérément desservi,-6.82002313,34.03043805
21761,8839a864b5fffff,4206,793616.482,Salé,Bettana,441,5,76233,134.6487927,node/21141275,134.6487927,1,0,Non desservi,-6.81511261,34.03004155
21768,8839a864a3fffff,4027,793715.191,Rabat,Hassan,421,5,92454,550520.0143,node/21141275,386841.0464,1963,1,Peu desservi,-6.83052481,34.02620943
21768,8839a864a3fffff,4027,793715.191,Salé,Bab Lamrissa,441,3,167319,239211.0654,node/21141275,46321.06275,235,0,Non desservi,-6.82720709,34.02904157
21760,8839a864b7fffff,15394,793517.738,Rabat,Hassan,421,5,92454,252217.6887,node/21141275,251674.6561,4882,0,Non desservi,-6.81235376,34.02509308
21760,8839a864b7fffff,15394,793517.738,Salé,Bab Lamrissa,441,3,167319,136086.7065,node/21141275,136086.7065,2640,4,Modérément desservi,-6.8108459,34.02666288
21760,8839a864b7fffff,15394,793517.738,Salé,Bettana,441,5,76233,405213.3595,node/21141275,405213.3595,7861,0,Non desservi,-6.80928832,34.02869698
21762,8839a864b3fffff,24396,793471.489,Salé,Bettana,441,5,76233,549345.3011,node/21141275,549345.3011,16890,8,Bien desservi,-6.80442025,34.03357671
21762,8839a864b3fffff,24396,793471.489,Salé,Tabriquet,441,9,237385,244126.1701,node/21141275,244126.1701,7506,5,Modérément desservi,-6.80512264,34.03717356
21730,8839a865d3fffff,692,793958.627,Rabat,Hassan,421,5,92454,181006.9425,node/21141275,167362.0192,146,0,Non desservi,-6.85324978,34.02158404
21746,8839a8659bfffff,7586,793807.462,Rabat,Agdal Riyad,421,1,70435,702043.315,node/21141275,702043.315,6709,10,Bien desservi,-6.84276469,34.01439191
21746,8839a8659bfffff,7586,793807.462,Rabat,Hassan,421,5,92454,91764.11417,node/21141275,91764.11417,877,2,Modérément desservi,-6.8466194,34.01629923
21747,8839a86599fffff,12497,793906.098,Rabat,Agdal Riyad,421,1,70435,45187.24756,node/21141275,45187.24756,711,3,Modérément desservi,-6.84878213,34.01248156
21747,8839a86599fffff,12497,793906.098,Rabat,Hassan,421,5,92454,748718.8609,node/21141275,748718.8609,11786,7,Bien desservi,-6.8525541,34.01576924
5631,8839ab9a59fffff,9671,793418.958,Salé,Bab Lamrissa,441,3,167319,65406.67407,node/21141275,65406.67407,797,0,Non desservi,-6.80290526,34.02342248
5631,8839ab9a59fffff,9671,793418.958,Salé,Bettana,441,5,76233,728012.2835,node/21141275,725090.4984,8838,6,Modérément desservi,-6.80015295,34.02619912
6066,8839ab9165fffff,12114,793372.691,Salé,Bettana,441,5,76233,793372.6906,node/21141275,770183.7228,11760,9,Bien desservi,-6.79418616,34.03352957
21729,8839a865d7fffff,700,794004.699,Rabat,Hassan,421,5,92454,282052.8439,node/21141275,248242.9304,219,0,Non desservi,-6.859743,34.01472963
21745,8839a8659dfffff,7342,793952.138,Rabat,Agdal Riyad,421,1,70435,122778.9395,node/21141275,122778.9395,1135,2,Modérément desservi,-6.85515936,34.00592528
21745,8839a8659dfffff,7342,793952.138,Rabat,Hassan,421,5,92454,669444.9163,node/21141275,669444.9163,6191,10,Bien desservi,-6.85926771,34.00780211
21745,8839a8659dfffff,7342,793952.138,Rabat,Yacoub El Mansour,421,9,168391,1728.300035,node/21141275,1728.300035,16,0,Non desservi,-6.86301787,34.00535858
21752,8839a8658bfffff,883,794050.721,Rabat,Hassan,421,5,92454,140613.6119,node/21141275,140613.6119,156,1,Peu desservi,-6.8655233,34.00888139
21752,8839a8658bfffff,883,794050.721,Rabat,Yacoub El Mansour,421,9,168391,177035.7535,node/21141275,177035.7535,197,3,Modérément desservi,-6.86709006,34.00624256
21390,8839a86f3dfffff,1,795316.009,Skhirate- Témara,Skhirate,501,5,122705,149963.5733,node/21141275,149369.3087,0,0,Non desservi,-7.01671422,33.88861683
21392,8839a86f37fffff,228,795164.839,Skhirate- Témara,Skhirate,501,5,122705,795164.8391,node/21141275,25455.88707,7,0,Non desservi,-7.01001221,33.88452001
21393,8839a86f35fffff,781,795262.943,Skhirate- Témara,Skhirate,501,5,122705,795262.9427,node/21141275,603938.4473,593,2,Modérément desservi,-7.01641276,33.88350479
21395,8839a86f31fffff,383,795217.923,Skhirate- Témara,Skhirate,501,5,122705,700395.2444,node/21141275,465923.23,224,2,Modérément desservi,-7.01148606,33.88862984
5615,8839ab9a8dfffff,18141,792812.587,Salé,Hssaine,441,6,234326,792812.5874,node/21141275,709259.773,16229,4,Modérément desservi,-6.74269382,33.99213868
5617,8839ab9a89fffff,36625,792766.378,Salé,Hssaine,441,6,234326,792766.3782,node/21141275,702841.3156,32471,7,Bien desservi,-6.73785022,33.99860743
5619,8839ab9a85fffff,2949,792759.739,Salé,Hssaine,441,6,234326,792759.7388,node/21141275,732432.3717,2725,4,Modérément desservi,-6.73919471,33.98376391
5621,8839ab9a81fffff,36622,792713.562,Salé,Hssaine,441,6,234326,792713.5624,node/21141275,745946.6918,34461,10,Bien desservi,-6.73261054,33.99088086
21403,8839a86ee3fffff,827,794560.981,Rabat,Yacoub El Mansour,421,9,168391,96468.11352,node/21141275,96468.11352,100,1,Peu desservi,-6.92874412,33.94611498
21403,8839a86ee3fffff,827,794560.981,Skhirate- Témara,Harhoura,501,3,20950,605766.5875,node/21141275,595409.0721,620,3,Modérément desservi,-6.93297419,33.94473226
21429,8839a86e8dfffff,597,794515.441,Rabat,Yacoub El Mansour,421,9,168391,300946.2295,node/21141275,296424.0441,223,1,Peu desservi,-6.92368992,33.9509774
21429,8839a86e8dfffff,597,794515.441,Skhirate- Témara,Harhoura,501,3,20950,355883.6373,node/21141275,354670.3314,266,1,Peu desservi,-6.92761135,33.95229967
21433,8839a86e85fffff,10,794462.602,Rabat,Yacoub El Mansour,421,9,168391,738039.9828,node/21141275,111764.8014,1,0,Non desservi,-6.92553252,33.94614302
21433,8839a86e85fffff,10,794462.602,Skhirate- Témara,Harhoura,501,3,20950,20080.58776,node/21141275,2354.938397,0,0,Non desservi,-6.92731468,33.94290373
21588,8839a86c47fffff,1407,794886.16,Skhirate- Témara,Harhoura,501,3,20950,724911.1329,node/21141275,394548.2198,698,0,Non desservi,-6.97411658,33.91070973
21589,8839a86c45fffff,128,794984.375,Skhirate- Témara,Harhoura,501,3,20950,536225.3126,node/21141275,533198.6814,86,4,Modérément desservi,-6.98243913,33.90934776
21590,8839a86c43fffff,1156,794840.896,Skhirate- Témara,Harhoura,501,3,20950,794840.8962,node/21141275,690884.8899,1005,4,Modérément desservi,-6.96609331,33.91809282
21591,8839a86c41fffff,376,794939.13,Skhirate- Témara,Harhoura,501,3,20950,391706.5945,node/21141275,359292.2824,170,2,Modérément desservi,-6.97561378,33.91618395
21531,8839a86cedfffff,1171,794386.717,Skhirate- Témara,Témara,501,7,297098,794386.7166,node/21141275,743090.9977,1095,4,Modérément desservi,-6.92246384,33.89096362
21533,8839a86ce9fffff,4935,794341.444,Skhirate- Témara,Témara,501,7,297098,794341.4437,node/21141275,522651.3797,3247,2,Modérément desservi,-6.91891753,33.89821141
21609,8839a86c17fffff,13497,794439.855,Skhirate- Témara,Témara,501,7,297098,794439.8547,node/21141275,788480.7561,13396,7,Bien desservi,-6.92737577,33.89857448
21611,8839a86c13fffff,19016,794394.549,Skhirate- Témara,Témara,501,7,297098,794394.5489,node/21141275,788572.1101,18877,16,Très bien desservi,-6.92141814,33.90596638
21612,8839a86c11fffff,12308,794492.943,Skhirate- Témara,Témara,501,7,297098,794492.9428,node/21141275,647722.5941,10034,4,Modérément desservi,-6.93253159,33.90781081
21734,8839a865b7fffff,637,793840.045,Rabat,Agdal Riyad,421,1,70435,10589.34433,node/21141275,10589.34433,8,0,Non desservi,-6.85256095,33.98134011
21734,8839a865b7fffff,637,793840.045,Rabat,Souissi,421,6,21049,783250.6799,node/21141275,256487.6597,206,0,Non desservi,-6.85186205,33.97945295
21736,8839a865b3fffff,1017,793794.155,Rabat,Agdal Riyad,421,1,70435,213383.0985,node/21141275,213383.0985,273,2,Modérément desservi,-6.84911892,33.98548802
21736,8839a865b3fffff,1017,793794.155,Rabat,Souissi,421,6,21049,580411.0433,node/21141275,534312.2299,685,3,Modérément desservi,-6.84492395,33.9839615
21484,8839a86d69fffff,8962,795344.477,Skhirate- Témara,Skhirate,501,5,122705,795344.477,node/21141275,527236.5609,5941,4,Modérément desservi,-7.02981715,33.85411012
21714,8839a86897fffff,6895,795442.505,Skhirate- Témara,Skhirate,501,5,122705,795442.5052,node/21141275,775497.6142,6722,5,Modérément desservi,-7.03965135,33.85377834
21716,8839a86893fffff,522,795397.692,Skhirate- Témara,Skhirate,501,5,122705,795397.6921,node/21141275,273744.0494,180,0,Non desservi,-7.03143086,33.85898676
21717,8839a86891fffff,132,795495.703,Skhirate- Témara,Skhirate,501,5,122705,795495.703,node/21141275,363477.3141,60,2,Modérément desservi,-7.04547565,33.863349
5544,8839ab9b53fffff,1305,793589.88,Rabat,El Youssoufia,421,3,157587,38042.3619,node/21141275,14712.55316,24,0,Non desservi,-6.82334602,33.96935024
5544,8839ab9b53fffff,1305,793589.88,Rabat,Souissi,421,6,21049,755547.5048,node/21141275,729516.1254,1200,2,Modérément desservi,-6.82783935,33.96768948
5649,8839ab9a2dfffff,17863,793543.986,Rabat,El Youssoufia,421,3,157587,694933.9992,node/21141275,694933.9992,15643,8,Bien desservi,-6.82066092,33.97450209
5649,8839ab9a2dfffff,17863,793543.986,Rabat,Souissi,421,6,21049,98609.99252,node/21141275,98609.99252,2220,0,Non desservi,-6.82576575,33.97422591
5653,8839ab9a25fffff,5539,793491.141,Rabat,El Youssoufia,421,3,157587,200731.7983,node/21141275,54106.59012,378,0,Non desservi,-6.81832914,33.97043393
5653,8839ab9a25fffff,5539,793491.141,Rabat,Souissi,421,6,21049,592759.3311,node/21141275,13977.1568,98,0,Non desservi,-6.81618509,33.97043393
5655,8839ab9a21fffff,5518,793445.228,Rabat,El Youssoufia,421,3,157587,315841.3605,node/21141275,264450.7207,1839,0,Non desservi,-6.81417474,33.97487992
5655,8839ab9a21fffff,5518,793445.228,Rabat,Souissi,421,6,21049,477603.8613,node/21141275,25118.32412,175,0,Non desservi,-6.81386111,33.97201006
21419,8839a86ea5fffff,24364,794500.609,Skhirate- Témara,Témara,501,7,297098,794500.6094,node/21141275,794338.9969,24359,7,Bien desservi,-6.92980237,33.9221992
21585,8839a86c53fffff,8300,794598.969,Skhirate- Témara,Témara,501,7,297098,613549.0944,node/21141275,80279.37171,839,0,Non desservi,-6.93570122,33.92372246
21607,8839a86c1bfffff,16201,794447.604,Skhirate- Témara,Témara,501,7,297098,794447.6041,node/21141275,748665.7147,15267,4,Modérément desservi,-6.92562797,33.91392287
21608,8839a86c19fffff,6552,794545.981,Skhirate- Témara,Témara,501,7,297098,794545.9809,node/21141275,482902.9414,3982,0,Non desservi,-6.93303807,33.9146867
5974,8839ab9337fffff,2206,793192.921,Salé,Layayda,441,7,229838,793192.9205,node/21141275,793192.8476,2206,13,Bien desservi,-6.7686123,34.0774932
5976,8839ab9333fffff,1367,793146.313,Salé,Layayda,441,7,229838,510447.4623,node/21141275,83972.64442,145,0,Non desservi,-6.76510638,34.08125347
5977,8839ab9331fffff,4681,793245.205,Salé,Layayda,441,7,229838,793245.2045,node/21141275,792022.4099,4674,9,Bien desservi,-6.77283047,34.08528514
6071,8839ab9159fffff,2322,793094.012,Salé,Layayda,441,7,229838,793094.0124,node/21141275,691491.383,2025,2,Modérément desservi,-6.75853371,34.07607992
21408,8839a86ebdfffff,11436,794311.279,Skhirate- Témara,Témara,501,7,297098,794311.2792,node/21141275,792681.2494,11413,6,Modérément desservi,-6.90794169,33.93440805
21411,8839a86eb7fffff,26345,794159.837,Skhirate- Témara,Témara,501,7,297098,794159.8369,node/21141275,794159.8369,26345,12,Bien desservi,-6.89346915,33.92672418
21412,8839a86eb5fffff,23885,794258.323,Skhirate- Témara,Témara,501,7,297098,794258.3225,node/21141275,794258.3225,23885,14,Bien desservi,-6.90361296,33.9275034
21414,8839a86eb1fffff,23998,794212.811,Skhirate- Témara,Témara,501,7,297098,794212.8108,node/21141275,779190.8701,23544,7,Bien desservi,-6.89636032,33.93465167
21420,8839a86ea3fffff,3658,794356.772,Skhirate- Témara,Témara,501,7,297098,794356.7723,node/21141275,794269.8861,3658,7,Bien desservi,-6.9137578,33.92828186
21545,8839a86ccbfffff,20320,794205.316,Skhirate- Témara,Témara,501,7,297098,794205.3159,node/21141275,794084.7905,20317,5,Modérément desservi,-6.89940533,33.91954651
21546,8839a86cc9fffff,20830,794303.783,Skhirate- Témara,Témara,501,7,297098,794303.7828,node/21141275,794303.7828,20830,6,Modérément desservi,-6.90954879,33.92032496
5534,8839ab9b6bfffff,1816,793924.515,Rabat,Agdal Riyad,421,1,70435,793924.5148,node/21141275,510334.8554,1167,4,Modérément desservi,-6.86661559,33.94813051
5549,8839ab9b47fffff,2141,793878.812,Rabat,Agdal Riyad,421,1,70435,793878.8117,node/21141275,670258.1226,1808,6,Modérément desservi,-6.85976395,33.95491896
5550,8839ab9b45fffff,8000,793977.407,Rabat,Agdal Riyad,421,1,70435,793977.4071,node/21141275,793977.4071,8000,6,Modérément desservi,-6.86971674,33.95542921
5552,8839ab9b41fffff,3805,793931.671,Rabat,Agdal Riyad,421,1,70435,793931.6712,node/21141275,523811.8095,2510,0,Non desservi,-6.86005381,33.96255986
5546,8839ab9b4dfffff,2804,794030.25,Rabat,Agdal Riyad,421,1,70435,794030.2495,node/21141275,794030.2495,2804,9,Bien desservi,-6.87392231,33.96338711
21427,8839a86e93fffff,3659,794075.967,Rabat,Agdal Riyad,421,1,70435,794075.967,node/21141275,792703.0226,3653,8,Bien desservi,-6.87994057,33.95552509
5535,8839ab9b69fffff,2039,794023.092,Rabat,Agdal Riyad,421,1,70435,794023.0917,node/21141275,527210.7524,1354,0,Non desservi,-6.87288141,33.94917437
5538,8839ab9b61fffff,303,793970.167,Rabat,Agdal Riyad,421,1,70435,793970.1665,node/21141275,19362.06609,7,0,Non desservi,-6.87063909,33.94454624
5622,8839ab9a6dfffff,3990,793748.214,Rabat,Agdal Riyad,421,1,70435,335476.2277,node/21141275,335476.2277,1686,2,Modérément desservi,-6.84247889,33.99206044
5622,8839ab9a6dfffff,3990,793748.214,Rabat,Souissi,421,6,21049,458271.9849,node/21141275,311886.6667,1568,2,Modérément desservi,-6.83762145,33.99155163
21413,8839a86eb3fffff,2970,794114.307,Skhirate- Témara,Témara,501,7,297098,794114.3066,node/21141275,784411.2366,2934,9,Bien desservi,-6.8875322,33.93390129
21540,8839a86cd9fffff,4438,794061.316,Skhirate- Témara,Témara,501,7,297098,794061.3157,node/21141275,406158.384,2270,0,Non desservi,-6.88604495,33.92570586
21535,8839a86ce5fffff,732,794333.529,Skhirate- Témara,Témara,501,7,297098,417070.922,node/21141275,381579.9393,352,2,Modérément desservi,-6.92052366,33.88397896
21537,8839a86ce1fffff,108,794288.289,Skhirate- Témara,Témara,501,7,297098,650124.8001,node/21141275,109933.4844,15,0,Non desservi,-6.91701595,33.89039434
21444,8839a86dd9fffff,235,794378.717,Skhirate- Témara,Témara,501,7,297098,170712.3004,node/21141275,42272.53035,13,0,Non desservi,-6.92535251,33.87928784
21597,8839a86c33fffff,280,794431.938,Skhirate- Témara,Témara,501,7,297098,794431.9381,node/21141275,220231.2386,78,0,Non desservi,-6.9254073,33.88351373
5533,8839ab9b6dfffff,1573,794068.725,Rabat,Agdal Riyad,421,1,70435,449834.2533,node/21141275,375358.3374,744,0,Non desservi,-6.87956499,33.94134177
5533,8839ab9b6dfffff,1573,794068.725,Skhirate- Témara,Témara,501,7,297098,344234.4831,node/21141275,344234.4831,682,4,Modérément desservi,-6.8838721,33.9403996
21409,8839a86ebbfffff,3444,794167.248,Rabat,Agdal Riyad,421,1,70435,136128.9051,node/21141275,29343.96825,127,0,Non desservi,-6.88834518,33.94470865
21409,8839a86ebbfffff,3444,794167.248,Skhirate- Témara,Témara,501,7,297098,658038.3293,node/21141275,478245.1733,2074,0,Non desservi,-6.89192313,33.94024827
21418,8839a86ea7fffff,17553,794402.214,Skhirate- Témara,Témara,501,7,297098,794402.214,node/21141275,794402.214,17553,10,Bien desservi,-6.91969327,33.92110265
21544,8839a86ccdfffff,20919,794349.192,Skhirate- Témara,Témara,501,7,297098,794349.1916,node/21141275,794349.1916,20919,10,Bien desservi,-6.91548385,33.91314596
21550,8839a86cc1fffff,8595,794250.743,Skhirate- Témara,Témara,501,7,297098,794250.7433,node/21141275,548779.3555,5939,4,Modérément desservi,-6.90633736,33.91269892
5548,8839ab9b49fffff,1817,793984.481,Rabat,Agdal Riyad,421,1,70435,670429.1248,node/21141275,670429.1248,1534,6,Modérément desservi,-6.8695703,33.97041164
5548,8839ab9b49fffff,1817,793984.481,Rabat,Souissi,421,6,21049,123555.3423,node/21141275,123555.3423,283,1,Peu desservi,-6.86410951,33.97112837
21741,8839a865a7fffff,4992,794083.042,Rabat,Agdal Riyad,421,1,70435,552066.8319,node/21141275,536337.5197,3372,4,Modérément desservi,-6.87613695,33.97116568
21741,8839a865a7fffff,4992,794083.042,Rabat,Yacoub El Mansour,421,9,168391,242016.2189,node/21141275,241896.7742,1521,0,Non desservi,-6.88097749,33.97238093
21548,8839a86cc5fffff,8862,794296.119,Skhirate- Témara,Témara,501,7,297098,794296.1192,node/21141275,375310.7154,4187,0,Non desservi,-6.91372068,33.906058
21423,8839a86e9bfffff,1863,794128.792,Rabat,Agdal Riyad,421,1,70435,402594.5894,node/21141275,402594.5894,944,5,Modérément desservi,-6.88154597,33.96394401
21423,8839a86e9bfffff,1863,794128.792,Rabat,Yacoub El Mansour,421,9,168391,391534.2042,node/21141275,391534.2042,919,1,Peu desservi,-6.88645994,33.96454594
5547,8839ab9b4bfffff,1761,793885.884,Rabat,Agdal Riyad,421,1,70435,39188.59974,node/21141275,12488.68287,28,0,Non desservi,-6.85786652,33.96517837
5547,8839ab9b4bfffff,1761,793885.884,Rabat,Souissi,421,6,21049,754697.2957,node/21141275,287115.7223,637,0,Non desservi,-6.86150046,33.9708851
21755,8839a86583fffff,9560,793998.127,Rabat,Agdal Riyad,421,1,70435,54155.17505,node/21141275,54155.17505,652,2,Modérément desservi,-6.8600119,33.99999506
21755,8839a86583fffff,9560,793998.127,Rabat,Hassan,421,5,92454,2335.803241,node/21141275,2335.803241,28,0,Non desservi,-6.86057254,34.00378907
21755,8839a86583fffff,9560,793998.127,Rabat,Yacoub El Mansour,421,9,168391,737507.1507,node/21141275,737507.1507,8880,14,Bien desservi,-6.86493408,34.00063059
21776,8839a86491fffff,13437,793530.035,Salé,Bab Lamrissa,441,3,167319,772827.9993,node/21141275,759091.2009,12854,8,Bien desservi,-6.80672809,34.05792898
21776,8839a86491fffff,13437,793530.035,Salé,Tabriquet,441,9,237385,20702.05666,node/21141275,20702.05666,351,0,Non desservi,-6.80256432,34.05480537
6076,8839ab914dfffff,15721,793384.818,Salé,Bab Lamrissa,441,3,167319,101843.1387,node/21141275,101843.1387,2018,0,Non desservi,-6.79404886,34.06624855
6076,8839ab914dfffff,15721,793384.818,Salé,Tabriquet,441,9,237385,691541.6738,node/21141275,691541.6738,13703,5,Modérément desservi,-6.79052206,34.06359408
21771,8839a8649bfffff,14190,793483.618,Salé,Bab Lamrissa,441,3,167319,776046.9699,node/21141275,776046.9699,13878,8,Bien desservi,-6.80079397,34.06495903
21771,8839a8649bfffff,14190,793483.618,Salé,Tabriquet,441,9,237385,17436.66899,node/21141275,17436.66899,312,0,Non desservi,-6.79663378,34.06187075
6079,8839ab9147fffff,32695,793233.582,Salé,Layayda,441,7,229838,277087.485,node/21141275,277087.485,11421,4,Modérément desservi,-6.77297047,34.05580009
6079,8839ab9147fffff,32695,793233.582,Salé,Tabriquet,441,9,237385,516146.0973,node/21141275,516146.0973,21274,6,Modérément desservi,-6.7775797,34.05488101
6082,8839ab9141fffff,28905,793285.981,Salé,Layayda,441,7,229838,230702.7556,node/21141275,230702.7556,8406,1,Peu desservi,-6.77721912,34.06331413
6082,8839ab9141fffff,28905,793285.981,Salé,Tabriquet,441,9,237385,562583.2282,node/21141275,562583.2282,20499,11,Bien desservi,-6.78214718,34.06288208
5975,8839ab9335fffff,3843,793291.793,Salé,Bab Lamrissa,441,3,167319,11087.19149,node/21141275,11087.19149,54,0,Non desservi,-6.78324231,34.0757488
5975,8839ab9335fffff,3843,793291.793,Salé,Layayda,441,7,229838,782204.615,node/21141275,757284.5049,3669,5,Modérément desservi,-6.77873776,34.07851135
6069,8839ab915dfffff,16509,793140.587,Salé,Layayda,441,7,229838,793140.5866,node/21141275,793140.5866,16509,7,Bien desservi,-6.76443438,34.06936281
6077,8839ab914bfffff,13147,793239.477,Salé,Layayda,441,7,229838,714931.1577,node/21141275,714931.1577,11849,5,Modérément desservi,-6.77290803,34.07007876
6077,8839ab914bfffff,13147,793239.477,Salé,Tabriquet,441,9,237385,78308.33172,node/21141275,78308.33172,1298,1,Peu desservi,-6.77840982,34.06912306
6078,8839ab9149fffff,14497,793338.331,Salé,Bab Lamrissa,441,3,167319,219368.844,node/21141275,219368.844,4009,2,Modérément desservi,-6.78776378,34.07238352
6078,8839ab9149fffff,14497,793338.331,Salé,Layayda,441,7,229838,90221.33914,node/21141275,90221.33914,1649,0,Non desservi,-6.78096263,34.07285922
6078,8839ab9149fffff,14497,793338.331,Salé,Tabriquet,441,9,237385,483748.1389,node/21141275,483748.1389,8840,0,Non desservi,-6.78435921,34.06955337
6081,8839ab9143fffff,23377,793187.11,Salé,Layayda,441,7,229838,793187.1097,node/21141275,793187.1097,23377,13,Bien desservi,-6.77038627,34.06219731
5551,8839ab9b43fffff,1533,793833.057,Rabat,Agdal Riyad,421,1,70435,442108.7091,node/21141275,437594.0285,845,4,Modérément desservi,-6.85550512,33.9609294
5551,8839ab9b43fffff,1533,793833.057,Rabat,Souissi,421,6,21049,351724.3512,node/21141275,330198.3004,638,0,Non desservi,-6.85071882,33.96255251
5573,8839ab9b09fffff,643,793780.181,Rabat,Agdal Riyad,421,1,70435,380080.1348,node/21141275,17945.591,15,0,Non desservi,-6.85363492,33.95649232
21739,8839a865abfffff,27205,794089.95,Rabat,Yacoub El Mansour,421,9,168391,794089.95,node/21141275,794089.95,27205,10,Bien desservi,-6.8763951,33.98647895
21744,8839a865a1fffff,26788,794135.785,Rabat,Yacoub El Mansour,421,9,168391,794135.7845,node/21141275,794135.7845,26788,8,Bien desservi,-6.88233636,33.97930351
21753,8839a86587fffff,24938,794044.064,Rabat,Agdal Riyad,421,1,70435,2958.518709,node/21141275,2958.518709,93,0,Non desservi,-6.86590546,33.99083716
21753,8839a86587fffff,24938,794044.064,Rabat,Yacoub El Mansour,421,9,168391,791085.5552,node/21141275,791085.5552,24845,18,Très bien desservi,-6.87045307,33.99365381
21778,8839a86483fffff,12266,793675.13,Salé,Bab Lamrissa,441,3,167319,639753.244,node/21141275,639753.244,9887,6,Modérément desservi,-6.82226233,34.05060017
21415,8839a86eadfffff,4902,794553.565,Skhirate- Témara,Harhoura,501,3,20950,33340.67682,node/21141275,26385.77165,163,0,Non desservi,-6.93833794,33.93205333
21415,8839a86eadfffff,4902,794553.565,Skhirate- Témara,Témara,501,7,297098,761212.8745,node/21141275,563086.5962,3474,3,Modérément desservi,-6.93206905,33.93026563
21421,8839a86ea1fffff,9488,794455.186,Skhirate- Témara,Témara,501,7,297098,794455.1864,node/21141275,640783.3721,7653,2,Modérément desservi,-6.92542704,33.92867796
6067,8839ab9163fffff,14650,793227.52,Salé,Bettana,441,5,76233,668306.9066,node/21141275,310745.7478,5739,0,Non desservi,-6.78153293,34.04080589
6067,8839ab9163fffff,14650,793227.52,Salé,Layayda,441,7,229838,124920.6155,node/21141275,5794.284245,107,0,Non desservi,-6.77423276,34.04266832
21756,8839a86581fffff,7491,794096.691,Rabat,Yacoub El Mansour,421,9,168391,495592.3476,node/21141275,495592.3476,4675,2,Modérément desservi,-6.87376362,34.00086607
6093,8839ab9127fffff,36639,793069.773,Salé,Hssaine,441,6,234326,793069.7732,node/21141275,789354.1494,36467,6,Modérément desservi,-6.76549564,34.01608128
6094,8839ab9125fffff,21004,793168.677,Salé,Bettana,441,5,76233,83097.49602,node/21141275,958.1789583,25,0,Non desservi,-6.77730942,34.02082967
6094,8839ab9125fffff,21004,793168.677,Salé,Hssaine,441,6,234326,710071.1617,node/21141275,345586.6705,9152,2,Modérément desservi,-6.77317444,34.01808841
6096,8839ab9121fffff,26218,793122.405,Salé,Hssaine,441,6,234326,793122.4054,node/21141275,793122.4054,26218,10,Bien desservi,-6.76969714,34.02398434
5978,8839ab9327fffff,18350,793437.15,Salé,Bab Lamrissa,441,3,167319,785844.4321,node/21141275,785844.4321,18174,12,Bien desservi,-6.79488708,34.07174662
5980,8839ab9323fffff,17373,793390.631,Salé,Bab Lamrissa,441,3,167319,477272.5654,node/21141275,477272.5654,10451,2,Modérément desservi,-6.78992594,34.07805376
5980,8839ab9323fffff,17373,793390.631,Salé,Layayda,441,7,229838,248754.741,node/21141275,248754.741,5447,4,Modérément desservi,-6.78597294,34.08035784
5981,8839ab9321fffff,42,793489.433,Salé,Bab Lamrissa,441,3,167319,20465.07156,node/21141275,20465.07156,1,0,Non desservi,-6.79472113,34.07735183
21405,8839a86ed7fffff,4474,794325.771,Rabat,Yacoub El Mansour,421,9,168391,794325.7706,node/21141275,794325.7706,4474,6,Modérément desservi,-6.90436524,33.96573168
21406,8839a86ed3fffff,12753,794280.057,Rabat,Yacoub El Mansour,421,9,168391,794280.0574,node/21141275,794280.0574,12753,13,Bien desservi,-6.89842587,33.97290903
21407,8839a86ed1fffff,6,794378.512,Rabat,Yacoub El Mansour,421,9,168391,237872.0853,node/21141275,237872.0853,2,2,Modérément desservi,-6.90551889,33.97246257
21754,8839a86585fffff,10220,794142.61,Rabat,Yacoub El Mansour,421,9,168391,593041.834,node/21141275,593041.834,7632,5,Modérément desservi,-6.8794194,33.99433698
21580,8839a86c5dfffff,1274,794795.581,Skhirate- Témara,Harhoura,501,3,20950,711105.9158,node/21141275,688095.4199,1103,6,Modérément desservi,-6.95937995,33.92426989
21582,8839a86c59fffff,1116,794750.214,Skhirate- Témara,Harhoura,501,3,20950,527428.023,node/21141275,518159.0717,728,2,Modérément desservi,-6.9545249,33.92982479
21586,8839a86c51fffff,1922,794697.293,Skhirate- Témara,Harhoura,501,3,20950,465721.8625,node/21141275,164070.5412,397,0,Non desservi,-6.95285163,33.92579986
5640,8839ab9a45fffff,2853,793656.177,Rabat,El Youssoufia,421,3,157587,210837.4773,node/21141275,210837.4773,758,1,Peu desservi,-6.82492102,34.00486127
5640,8839ab9a45fffff,2853,793656.177,Rabat,Hassan,421,5,92454,142204.2739,node/21141275,142204.2739,511,1,Peu desservi,-6.82633964,34.00839805
5640,8839ab9a45fffff,2853,793656.177,Rabat,Souissi,421,6,21049,127088.0491,node/21141275,127088.0491,457,1,Peu desservi,-6.82882784,34.00310349
5640,8839ab9a45fffff,2853,793656.177,Rabat,Touarga,421,7,5703,313526.3768,node/21141275,291395.1733,1047,1,Peu desservi,-6.82980707,34.00603828
21695,8839a868d7fffff,1273,795646.809,Skhirate- Témara,Skhirate,501,5,122705,313973.7252,node/21141275,227855.4311,365,0,Non desservi,-7.05727822,33.86785937
21711,8839a8689dfffff,1412,795593.678,Skhirate- Témara,Skhirate,501,5,122705,795593.678,node/21141275,650291.3287,1154,6,Modérément desservi,-7.05416967,33.86327003
21713,8839a86899fffff,918,795548.851,Skhirate- Témara,Skhirate,501,5,122705,598587.2765,node/21141275,367484.5421,424,0,Non desservi,-7.04686568,33.86868183
21719,8839a8688bfffff,2024,795691.617,Skhirate- Témara,Skhirate,501,5,122705,774076.2164,node/21141275,88377.38307,225,0,Non desservi,-7.06036764,33.86471205
5618,8839ab9a87fffff,4956,792660.697,Salé,Hssaine,441,6,234326,775084.8299,node/21141275,26867.80176,168,0,Non desservi,-6.72748495,33.98698042
6065,8839ab9167fffff,8341,793273.857,Salé,Bettana,441,5,76233,793273.8569,node/21141275,786377.7079,8268,8,Bien desservi,-6.78403908,34.03273728
5630,8839ab9a5bfffff,1032,793320.143,Salé,Bettana,441,5,76233,793320.1425,node/21141275,312193.3182,406,0,Non desservi,-6.79302965,34.0238384
6090,8839ab912dfffff,31479,793221.292,Salé,Bettana,441,5,76233,715655.534,node/21141275,239915.7817,9521,0,Non desservi,-6.77996146,34.02769558
6090,8839ab912dfffff,31479,793221.292,Salé,Hssaine,441,6,234326,77565.76342,node/21141275,77495.6135,3075,0,Non desservi,-6.77539448,34.02431876
6092,8839ab9129fffff,4860,793174.988,Salé,Bettana,441,5,76233,267614.5306,node/21141275,252383.5745,1546,2,Modérément desservi,-6.77676426,34.03118374
6092,8839ab9129fffff,4860,793174.988,Salé,Hssaine,441,6,234326,299588.2201,node/21141275,299588.2201,1836,2,Modérément desservi,-6.77228373,34.02972779
6092,8839ab9129fffff,4860,793174.988,Salé,Layayda,441,7,229838,225972.2324,node/21141275,87411.06944,536,0,Non desservi,-6.77308118,34.03344459
6091,8839ab912bfffff,928,793076.083,Salé,Hssaine,441,6,234326,470390.9967,node/21141275,463979.3114,543,6,Modérément desservi,-6.7638853,34.02996696
6091,8839ab912bfffff,928,793076.083,Salé,Layayda,441,7,229838,322685.0864,node/21141275,36602.60094,43,0,Non desservi,-6.76723761,34.03257514
6095,8839ab9123fffff,16011,793023.484,Salé,Hssaine,441,6,234326,793023.4837,node/21141275,793023.4837,16011,13,Bien desservi,-6.75955351,34.02319052
6083,8839ab913dfffff,1403,792977.143,Salé,Hssaine,441,6,234326,450835.6605,node/21141275,317859.5987,562,0,Non desservi,-6.75409261,34.02805141
6083,8839ab913dfffff,1403,792977.143,Salé,Layayda,441,7,229838,342141.4826,node/21141275,99595.37595,176,0,Non desservi,-6.75136651,34.03353398
6087,8839ab9135fffff,2165,792924.527,Salé,Hssaine,441,6,234326,792924.5267,node/21141275,758255.9266,2070,6,Modérément desservi,-6.74939059,34.02257091
5971,8839ab933dfffff,3225,793344.06,Salé,Layayda,441,7,229838,786833.4585,node/21141275,771264.9054,3135,4,Modérément desservi,-6.7830435,34.08555916
21593,8839a86c3bfffff,4675,794485.109,Skhirate- Témara,Témara,501,7,297098,647804.2713,node/21141275,495031.3232,2913,2,Modérément desservi,-6.93573477,33.89286448
21593,8839a86c3bfffff,4675,794485.109,Skhirate- Témara,Ain Attig,501,9,73985,146680.847,node/21141275,60815.11821,358,0,Non desservi,-6.93393544,33.89180017
21594,8839a86c39fffff,442,794583.466,Skhirate- Témara,Témara,501,7,297098,167491.2917,node/21141275,6037.521629,3,0,Non desservi,-6.94293088,33.89724807
21594,8839a86c39fffff,442,794583.466,Skhirate- Témara,Ain Attig,501,9,73985,627092.1605,node/21141275,46130.24818,26,0,Non desservi,-6.9470432,33.89497703
21610,8839a86c15fffff,7942,794538.23,Skhirate- Témara,Témara,501,7,297098,794538.2299,node/21141275,510649.1566,5104,0,Non desservi,-6.93951727,33.90064616
5591,8839ab9acbfffff,2726,792871.86,Salé,Hssaine,441,6,234326,792871.8603,node/21141275,485976.009,1671,1,Peu desservi,-6.74263666,34.01420215
6086,8839ab9137fffff,2171,792825.534,Salé,Hssaine,441,6,234326,792825.5343,node/21141275,645883.9825,1769,3,Modérément desservi,-6.73936,34.02082093
6089,8839ab9131fffff,221,792878.168,Salé,Hssaine,441,6,234326,425479.359,node/21141275,78055.16834,22,0,Non desservi,-6.73935171,34.02780875
6089,8839ab9131fffff,221,792878.168,Salé,Layayda,441,7,229838,367398.8088,node/21141275,120547.4318,34,0,Non desservi,-6.74574804,34.03274661
5585,8839ab9addfffff,8700,792772.851,Salé,Hssaine,441,6,234326,792772.851,node/21141275,709343.4298,7784,6,Modérément desservi,-6.73569609,34.01304859
5587,8839ab9ad9fffff,468,792726.507,Salé,Hssaine,441,6,234326,792726.5066,node/21141275,398564.3024,235,0,Non desservi,-6.73180486,34.02058771
5595,8839ab9ac3fffff,5970,792819.144,Salé,Hssaine,441,6,234326,792819.1442,node/21141275,786168.406,5920,7,Bien desservi,-6.74119391,34.00630694
5596,8839ab9ac1fffff,1180,792918.135,Salé,Hssaine,441,6,234326,792918.1352,node/21141275,309589.6143,461,0,Non desservi,-6.74851404,34.00658992
5589,8839ab9ad5fffff,700,792720.118,Salé,Hssaine,441,6,234326,792720.1178,node/21141275,36779.1535,32,0,Non desservi,-6.73484801,34.00831416
5593,8839ab9ac7fffff,13148,792865.386,Salé,Hssaine,441,6,234326,792865.3863,node/21141275,792865.3863,13148,12,Bien desservi,-6.74697575,33.9993121
5594,8839ab9ac5fffff,316,792964.359,Salé,Hssaine,441,6,234326,792964.359,node/21141275,319461.1416,127,0,Non desservi,-6.7541957,34.00053156
5583,8839ab9ae3fffff,280,792858.746,Salé,Hssaine,441,6,234326,792858.7455,node/21141275,50670.60768,18,0,Non desservi,-6.74426239,33.98487015
6084,8839ab913bfffff,1435,792831.758,Salé,Layayda,441,7,229838,792831.7578,node/21141275,557912.7722,1010,2,Modérément desservi,-6.736526,34.03733712
6088,8839ab9133fffff,166,792779.157,Salé,Hssaine,441,6,234326,406799.3061,node/21141275,395601.6072,83,2,Modérément desservi,-6.73335405,34.02636304
6088,8839ab9133fffff,166,792779.157,Salé,Layayda,441,7,229838,385979.851,node/21141275,315420.9984,66,0,Non desservi,-6.73416505,34.03087168
6039,8839ab91edfffff,818,792732.729,Salé,Layayda,441,7,229838,694890.8793,node/21141275,87608.79438,90,0,Non desservi,-6.73120795,34.03752757
6100,8839ab9117fffff,653,792785.297,Salé,Layayda,441,7,229838,792785.2966,node/21141275,133740.2683,110,0,Non desservi,-6.73254959,34.04023643
6101,8839ab9115fffff,1,792884.309,Salé,Layayda,441,7,229838,792884.3085,node/21141275,17988.35648,0,0,Non desservi,-6.73871758,34.0412616
21777,8839a86487fffff,5523,793721.426,Salé,Bab Lamrissa,441,3,167319,645597.3413,node/21141275,500999.7272,3486,4,Modérément desservi,-6.82758733,34.04456131
21770,8839a8649dfffff,5968,793628.782,Salé,Bab Lamrissa,441,3,167319,594650.7304,node/21141275,592794.0027,4458,4,Modérément desservi,-6.81614797,34.05764399
21772,8839a86499fffff,1406,793582.384,Salé,Bab Lamrissa,441,3,167319,354855.6953,node/21141275,158940.65,282,0,Non desservi,-6.80733442,34.06438745
21425,8839a86e97fffff,3825,794121.633,Rabat,Agdal Riyad,421,1,70435,794121.633,node/21141275,745642.5445,3591,4,Modérément desservi,-6.88497654,33.94861103
6106,8839ab9109fffff,469,793134.693,Salé,Layayda,441,7,229838,793134.693,node/21141275,359567.9189,213,0,Non desservi,-6.76851972,34.05523172
6073,8839ab9155fffff,7127,793088.203,Salé,Layayda,441,7,229838,793088.2027,node/21141275,401924.6433,3612,1,Peu desservi,-6.76229747,34.06211358
6075,8839ab9151fffff,4396,793041.661,Salé,Layayda,441,7,229838,793041.6613,node/21141275,721320.9044,3998,8,Bien desservi,-6.75428554,34.06856666
6070,8839ab915bfffff,3108,792995.069,Salé,Layayda,441,7,229838,408074.8356,node/21141275,355063.257,1392,2,Modérément desservi,-6.75110489,34.0747994
6124,8839ab9065fffff,5606,793047.387,Salé,Layayda,441,7,229838,12501.77676,node/21141275,5578.991274,39,0,Non desservi,-6.75537667,34.08010037
6072,8839ab9157fffff,23,792989.26,Salé,Layayda,441,7,229838,792989.2603,node/21141275,9200.327301,0,0,Non desservi,-6.74954049,34.0651679
6074,8839ab9153fffff,2620,792942.701,Salé,Layayda,441,7,229838,792094.1037,node/21141275,446056.4735,1474,2,Modérément desservi,-6.74566935,34.06857272
6104,8839ab910dfffff,7860,793181.132,Salé,Bettana,441,5,76233,90060.63442,node/21141275,90060.63442,892,1,Peu desservi,-6.77588843,34.04503919
6104,8839ab910dfffff,7860,793181.132,Salé,Layayda,441,7,229838,581550.0658,node/21141275,402453.6138,3988,1,Peu desservi,-6.77145089,34.04707971
6104,8839ab910dfffff,7860,793181.132,Salé,Tabriquet,441,9,237385,121570.4274,node/21141275,121570.4274,1205,1,Peu desservi,-6.77544463,34.04943352
21549,8839a86cc3fffff,1120,794152.259,Skhirate- Témara,Témara,501,7,297098,794152.2593,node/21141275,258230.5982,364,0,Non desservi,-6.89357363,33.91403553
21538,8839a86cddfffff,29737,794106.813,Skhirate- Témara,Témara,501,7,297098,794106.8132,node/21141275,774766.8677,29013,11,Bien desservi,-6.8892629,33.91876729
21428,8839a86e91fffff,3216,794174.491,Rabat,Agdal Riyad,421,1,70435,294775.1225,node/21141275,246672.0155,999,1,Peu desservi,-6.88816195,33.95493563
21428,8839a86e91fffff,3216,794174.491,Rabat,Yacoub El Mansour,421,9,168391,499399.3678,node/21141275,347251.3691,1406,1,Peu desservi,-6.89239211,33.95587305
5639,8839ab9a47fffff,283,793557.453,Rabat,El Youssoufia,421,3,157587,793557.4525,node/21141275,230725.1725,82,0,Non desservi,-6.82250956,34.00400305
5623,8839ab9a6bfffff,1448,793603.515,Rabat,El Youssoufia,421,3,157587,696359.2713,node/21141275,696359.2713,1271,7,Bien desservi,-6.82308494,33.99788921
5623,8839ab9a6bfffff,1448,793603.515,Rabat,Souissi,421,6,21049,97244.24579,node/21141275,97244.24579,177,1,Peu desservi,-6.82820327,33.99788921
5627,8839ab9a63fffff,17206,793550.803,Rabat,El Youssoufia,421,3,157587,793550.8025,node/21141275,787666.2466,17078,9,Bien desservi,-6.81936486,33.98968116
5628,8839ab9a61fffff,1055,793649.526,Rabat,El Youssoufia,421,3,157587,183946.3411,node/21141275,144380.0276,192,1,Peu desservi,-6.82601307,33.99196759
5628,8839ab9a61fffff,1055,793649.526,Rabat,Souissi,421,6,21049,609703.187,node/21141275,369941.6066,492,0,Non desservi,-6.83107399,33.99238879
5663,8839ab9a0dfffff,31833,793504.773,Rabat,El Youssoufia,421,3,157587,793504.773,node/21141275,692088.6231,27764,5,Modérément desservi,-6.81452757,33.99630769
5540,8839ab9b5bfffff,1549,793642.708,Rabat,Souissi,421,6,21049,793642.7077,node/21141275,787390.2731,1537,2,Modérément desservi,-6.83160484,33.97538051
5625,8839ab9a67fffff,18007,793596.781,Rabat,El Youssoufia,421,3,157587,482950.8136,node/21141275,472321.7248,10717,2,Modérément desservi,-6.82363563,33.98255236
5625,8839ab9a67fffff,18007,793596.781,Rabat,Souissi,421,6,21049,310645.958,node/21141275,310645.958,7049,5,Modérément desservi,-6.8287025,33.98213154
5626,8839ab9a65fffff,1623,793695.486,Rabat,Souissi,421,6,21049,793695.4857,node/21141275,514498.8309,1052,2,Modérément desservi,-6.83596205,33.98198644
5545,8839ab9b51fffff,1513,793688.583,Rabat,Souissi,421,6,21049,793688.5833,node/21141275,248421.0935,474,0,Non desservi,-6.84040648,33.97014494
5542,8839ab9b57fffff,1001,793635.722,Rabat,Souissi,421,6,21049,793635.7224,node/21141275,229217.5304,289,0,Non desservi,-6.82992976,33.96006934
5566,8839ab9b19fffff,947,793537.002,Rabat,Souissi,421,6,21049,793537.0017,node/21141275,611661.4147,730,4,Modérément desservi,-6.82457094,33.95989673
5554,8839ab9b3bfffff,310,793476.841,Rabat,Souissi,421,6,21049,793476.8405,node/21141275,721518.6084,282,2,Modérément desservi,-6.82075419,33.93633093
5558,8839ab9b33fffff,95,793423.78,Rabat,Souissi,421,6,21049,793423.7801,node/21141275,212206.1565,25,0,Non desservi,-6.81892014,33.92592651
5559,8839ab9b31fffff,22,793522.533,Rabat,Souissi,421,6,21049,793522.5334,node/21141275,142682.7562,4,0,Non desservi,-6.8240478,33.92652108
5779,8839ab986dfffff,645,793378.069,Rabat,Souissi,421,6,21049,793378.0687,node/21141275,15639.07197,13,0,Non desservi,-6.81550187,33.93518266
5556,8839ab9b37fffff,227,793469.44,Rabat,Souissi,421,6,21049,793469.4402,node/21141275,534677.1514,153,2,Modérément desservi,-6.82200635,33.92304029
5702,8839ab9959fffff,336,793370.67,Rabat,Souissi,421,6,21049,793195.2391,node/21141275,126628.634,54,0,Non desservi,-6.81414773,33.91706043
5700,8839ab995dfffff,190,793416.297,Rabat,Souissi,421,6,21049,793416.2971,node/21141275,782932.7678,187,4,Modérément desservi,-6.81812201,33.9136394
5704,8839ab9955fffff,18,793363.104,Rabat,Souissi,421,6,21049,225601.6901,node/21141275,97885.29957,2,0,Non desservi,-6.81614509,33.90855455
5706,8839ab9951fffff,48,793317.51,Rabat,Souissi,421,6,21049,467182.4825,node/21141275,36802.80803,2,0,Non desservi,-6.81290559,33.9130226
5708,8839ab994bfffff,2,793515.049,Rabat,Souissi,421,6,21049,793515.049,node/21141275,1348.508426,0,0,Non desservi,-6.82356002,33.91230151
5712,8839ab9943fffff,7,793461.873,Rabat,Souissi,421,6,21049,792122.9684,node/21141275,103022.8471,1,0,Non desservi,-6.82184125,33.90937477
5629,8839ab9a5dfffff,3929,793465.174,Rabat,El Youssoufia,421,3,157587,195743.0899,node/21141275,17761.08251,88,0,Non desservi,-6.80682407,34.01925975
5629,8839ab9a5dfffff,3929,793465.174,Rabat,Hassan,421,5,92454,146947.7493,node/21141275,92657.88434,459,0,Non desservi,-6.80864135,34.02160265
5629,8839ab9a5dfffff,3929,793465.174,Salé,Bab Lamrissa,441,3,167319,283622.8249,node/21141275,279822.5163,1386,2,Modérément desservi,-6.80360306,34.02106373
5629,8839ab9a5dfffff,3929,793465.174,Salé,Bettana,441,5,76233,167151.5007,node/21141275,17457.8542,86,0,Non desservi,-6.80144586,34.01880985
5635,8839ab9a51fffff,5331,793366.377,Salé,Bab Lamrissa,441,3,167319,527.905485,node/21141275,527.905485,4,0,Non desservi,-6.80075667,34.02076987
5635,8839ab9a51fffff,5331,793366.377,Salé,Bettana,441,5,76233,792838.4693,node/21141275,587016.7635,3944,2,Modérément desservi,-6.7958231,34.01937076
5634,8839ab9a53fffff,238,793267.545,Salé,Bettana,441,5,76233,786413.8185,node/21141275,530681.1117,159,2,Modérément desservi,-6.78655731,34.01687152
5634,8839ab9a53fffff,238,793267.545,Salé,Hssaine,441,6,234326,6853.741188,node/21141275,2715.801541,1,0,Non desservi,-6.78166593,34.01467949
5657,8839ab9a1bfffff,17364,793116.011,Salé,Hssaine,441,6,234326,793116.0114,node/21141275,311329.3906,6816,0,Non desservi,-6.77127597,34.0061813
5658,8839ab9a19fffff,102,793214.896,Salé,Bettana,441,5,76233,28707.5974,node/21141275,28707.5974,4,0,Non desservi,-6.78572302,34.01202543
5658,8839ab9a19fffff,102,793214.896,Salé,Hssaine,441,6,234326,764507.2834,node/21141275,182580.8447,23,0,Non desservi,-6.77879351,34.00682334
5661,8839ab9a13fffff,167,793063.297,Salé,Hssaine,441,6,234326,793063.2965,node/21141275,751983.3347,158,4,Modérément desservi,-6.76731064,34.00094905
5662,8839ab9a11fffff,721,793162.199,Salé,Hssaine,441,6,234326,694388.8332,node/21141275,503498.0607,458,2,Modérément desservi,-6.77680845,34.00334105
5578,8839ab9aedfffff,45,793056.653,Rabat,El Youssoufia,421,3,157587,57055.11312,node/21141275,24338.65947,1,0,Non desservi,-6.76793111,33.99013095
5578,8839ab9aedfffff,45,793056.653,Rabat,Souissi,421,6,21049,639058.3423,node/21141275,46757.59592,3,0,Non desservi,-6.7670486,33.98685776
5578,8839ab9aedfffff,45,793056.653,Salé,Hssaine,441,6,234326,96943.17092,node/21141275,96943.17092,6,0,Non desservi,-6.76523107,33.98745272
5580,8839ab9ae9fffff,150,793010.532,Rabat,El Youssoufia,421,3,157587,27436.59624,node/21141275,27436.59624,5,0,Non desservi,-6.76753536,33.99103425
5580,8839ab9ae9fffff,150,793010.532,Salé,Hssaine,441,6,234326,765573.9489,node/21141275,723367.0695,137,4,Modérément desservi,-6.76328445,33.99308943
5584,8839ab9ae1fffff,241,792957.717,Rabat,Souissi,421,6,21049,40072.1579,node/21141275,63.0130032,0,0,Non desservi,-6.76397846,33.98473761
5584,8839ab9ae1fffff,241,792957.717,Salé,Hssaine,441,6,234326,752885.5722,node/21141275,240928.6744,73,0,Non desservi,-6.76082448,33.9871353
5659,8839ab9a17fffff,134,793109.451,Rabat,El Youssoufia,421,3,157587,442457.6193,node/21141275,11699.53457,2,0,Non desservi,-6.76872626,33.99147559
5659,8839ab9a17fffff,134,793109.451,Salé,Hssaine,441,6,234326,344198.9129,node/21141275,84624.51075,14,0,Non desservi,-6.76910097,33.99525391
5579,8839ab9aebfffff,110,792911.577,Salé,Hssaine,441,6,234326,792911.5772,node/21141275,188500.4947,26,0,Non desservi,-6.74965616,33.99399131
21424,8839a86e99fffff,10635,794227.299,Rabat,Yacoub El Mansour,421,9,168391,794227.2993,node/21141275,605188.1651,8104,3,Modérément desservi,-6.89415803,33.9654629
21422,8839a86e9dfffff,129,794272.98,Rabat,Yacoub El Mansour,421,9,168391,794272.9796,node/21141275,54897.49133,9,0,Non desservi,-6.9015631,33.96163973
21426,8839a86e95fffff,1045,794220.139,Rabat,Agdal Riyad,421,1,70435,274630.9599,node/21141275,92067.0419,121,0,Non desservi,-6.89216044,33.95103701
21426,8839a86e95fffff,1045,794220.139,Rabat,Yacoub El Mansour,421,9,168391,493987.3131,node/21141275,128309.4493,169,0,Non desservi,-6.89440902,33.95251576
21416,8839a86eabfffff,2612,794409.712,Skhirate- Témara,Témara,501,7,297098,728690.2342,node/21141275,168796.4205,555,0,Non desservi,-6.91456695,33.93533151
21432,8839a86e87fffff,92,794364.186,Skhirate- Témara,Témara,501,7,297098,342757.6316,node/21141275,76705.47494,9,0,Non desservi,-6.90808558,33.94108022
21417,8839a86ea9fffff,877,794508.109,Skhirate- Témara,Harhoura,501,3,20950,171323.0264,node/21141275,39524.70724,44,0,Non desservi,-6.93207145,33.93941119
21417,8839a86ea9fffff,877,794508.109,Skhirate- Témara,Témara,501,7,297098,623185.0722,node/21141275,157412.6849,174,0,Non desservi,-6.92931433,33.93420743
21402,8839a86ee5fffff,309,794704.795,Skhirate- Témara,Harhoura,501,3,20950,183510.3819,node/21141275,176068.435,68,0,Non desservi,-6.94466673,33.93719291
21581,8839a86c5bfffff,2542,794651.907,Skhirate- Témara,Harhoura,501,3,20950,673228.5767,node/21141275,574526.6945,1838,4,Modérément desservi,-6.94405168,33.9319034
21581,8839a86c5bfffff,2542,794651.907,Skhirate- Témara,Témara,501,7,297098,121423.3392,node/21141275,7658.937731,25,0,Non desservi,-6.93931467,33.93065843
21587,8839a86c4bfffff,6,794893.833,Skhirate- Témara,Harhoura,501,3,20950,157134.5572,node/21141275,122178.9196,1,0,Non desservi,-6.96769444,33.9223758
21400,8839a86f13fffff,1,795082.553,Skhirate- Témara,Harhoura,501,3,20950,149341.3589,node/21141275,106238.3207,0,0,Non desservi,-6.99095979,33.9077515
21574,8839a86c6bfffff,258,794931.372,Skhirate- Témara,Harhoura,501,3,20950,529823.9022,node/21141275,154220.9232,50,0,Non desservi,-6.9806203,33.90487649
21575,8839a86c69fffff,476,795029.568,Skhirate- Témara,Harhoura,501,3,20950,795029.5682,node/21141275,689140.481,413,4,Modérément desservi,-6.98813793,33.9042178
21399,8839a86f17fffff,165,795127.728,Skhirate- Témara,Harhoura,501,3,20950,378574.105,node/21141275,252922.9108,52,0,Non desservi,-6.99585965,33.90255343
21573,8839a86c6dfffff,91,795074.71,Skhirate- Témara,Harhoura,501,3,20950,722726.2544,node/21141275,212608.6817,24,0,Non desservi,-6.99390541,33.89930622
21396,8839a86f27fffff,348,795405.96,Skhirate- Témara,Skhirate,501,5,122705,586381.4155,node/21141275,341244.4929,149,2,Modérément desservi,-7.03022792,33.87511785
21398,8839a86f23fffff,592,795361.01,Skhirate- Témara,Skhirate,501,5,122705,341799.4809,node/21141275,313516.4579,233,0,Non desservi,-7.02424728,33.88234118
21498,8839a86d49fffff,141,795307.911,Skhirate- Témara,Skhirate,501,5,122705,795307.9108,node/21141275,433168.6982,77,2,Modérément desservi,-7.02376436,33.87608337
21397,8839a86f25fffff,58,795503.972,Skhirate- Témara,Skhirate,501,5,122705,157358.2225,node/21141275,38445.51147,3,0,Non desservi,-7.04176613,33.87273432
21712,8839a8689bfffff,177,795450.857,Skhirate- Témara,Skhirate,501,5,122705,795450.8572,node/21141275,722238.5115,161,2,Modérément desservi,-7.03828467,33.86888117
5651,8839ab9a29fffff,36658,793498.04,Rabat,El Youssoufia,421,3,157587,793498.0402,node/21141275,554563.8859,25620,2,Modérément desservi,-6.81581512,33.97945967
5667,8839ab9a05fffff,31247,793452.044,Rabat,El Youssoufia,421,3,157587,793452.0435,node/21141275,697016.7927,27449,3,Modérément desservi,-6.80955697,33.98908295
21738,8839a865adfffff,10797,794234.293,Rabat,Yacoub El Mansour,421,9,168391,784619.5904,node/21141275,632129.4107,8593,8,Bien desservi,-6.89062066,33.98043377
21742,8839a865a5fffff,28092,794181.568,Rabat,Yacoub El Mansour,421,9,168391,794181.5676,node/21141275,794181.5676,28092,8,Bien desservi,-6.88827685,33.9721275
5541,8839ab9b59fffff,1707,793741.394,Rabat,Souissi,421,6,21049,793741.3942,node/21141275,790976.0387,1701,6,Modérément desservi,-6.84159532,33.97620346
21543,8839a86cd1fffff,218,794008.275,Skhirate- Témara,Témara,501,7,297098,794008.2749,node/21141275,130491.1096,36,0,Non desservi,-6.88275551,33.91870058
21606,8839a86c1dfffff,1404,794591.301,Skhirate- Témara,Témara,501,7,297098,794591.3009,node/21141275,491551.4532,869,2,Modérément desservi,-6.94045988,33.90650419
21618,8839a86c03fffff,1439,794636.569,Skhirate- Témara,Témara,501,7,297098,401597.7857,node/21141275,346275.7907,627,2,Modérément desservi,-6.94501032,33.9004274
21618,8839a86c03fffff,1439,794636.569,Skhirate- Témara,Ain Attig,501,9,73985,393038.7833,node/21141275,357350.9667,647,2,Modérément desservi,-6.95020459,33.8988316
21616,8839a86c07fffff,2398,794681.786,Skhirate- Témara,Ain Attig,501,9,73985,794681.7862,node/21141275,526893.8235,1590,2,Modérément desservi,-6.95340667,33.89460616
21617,8839a86c05fffff,2043,794780.071,Skhirate- Témara,Ain Attig,501,9,73985,794780.0711,node/21141275,612873.7882,1575,4,Modérément desservi,-6.96370155,33.89318663
21619,8839a86c01fffff,290,794734.873,Skhirate- Témara,Ain Attig,501,9,73985,794734.8729,node/21141275,247400.1743,90,0,Non desservi,-6.95620028,33.89906607
21576,8839a86c67fffff,713,794923.448,Skhirate- Témara,Ain Attig,501,9,73985,794923.4479,node/21141275,591919.5397,531,4,Modérément desservi,-6.97993386,33.88627334
21578,8839a86c63fffff,646,794878.32,Skhirate- Témara,Ain Attig,501,9,73985,794878.32,node/21141275,129696.1622,105,0,Non desservi,-6.9740443,33.89055822
21600,8839a86c2bfffff,894,794726.952,Skhirate- Témara,Ain Attig,501,9,73985,794726.9515,node/21141275,195946.7878,220,0,Non desservi,-6.96146003,33.88864176
21601,8839a86c29fffff,6030,794825.218,Skhirate- Témara,Ain Attig,501,9,73985,794825.2176,node/21141275,664009.8933,5038,2,Modérément desservi,-6.96955244,33.88758259
21599,8839a86c2dfffff,933,794870.313,Skhirate- Témara,Ain Attig,501,9,73985,794870.3126,node/21141275,489520.8112,575,0,Non desservi,-6.97869221,33.87954376
21490,8839a86d5bfffff,3646,794968.524,Skhirate- Témara,Ain Attig,501,9,73985,794968.5241,node/21141275,753871.6684,3458,8,Bien desservi,-6.98504893,33.8801074
21494,8839a86d53fffff,270,794915.356,Skhirate- Témara,Ain Attig,501,9,73985,794915.356,node/21141275,507701.3939,172,2,Modérément desservi,-6.97993071,33.87327882
21518,8839a86d1bfffff,236,794763.892,Skhirate- Témara,Ain Attig,501,9,73985,794763.8921,node/21141275,467866.2676,139,2,Modérément desservi,-6.96551644,33.86296937
21519,8839a86d19fffff,272,794862.138,Skhirate- Témara,Ain Attig,501,9,73985,794862.1379,node/21141275,147813.8445,51,0,Non desservi,-6.97611496,33.86785683
21603,8839a86c25fffff,375,794817.127,Skhirate- Témara,Ain Attig,501,9,73985,794817.1274,node/21141275,567018.1384,268,2,Modérément desservi,-6.97225751,33.87074721
21697,8839a868bdfffff,31,795629.93,Skhirate- Témara,Skhirate,501,5,122705,795629.9303,node/21141275,404837.2073,16,4,Modérément desservi,-7.06099041,33.83823172
21701,8839a868b5fffff,3079,795576.634,Skhirate- Témara,Skhirate,501,5,122705,795576.6338,node/21141275,514923.3315,1993,1,Peu desservi,-7.05763263,33.83405415
21703,8839a868b1fffff,793,795531.976,Skhirate- Témara,Skhirate,501,5,122705,795531.976,node/21141275,524485.3636,523,1,Peu desservi,-7.0543216,33.83866814
21482,8839a86d6dfffff,9551,795389.257,Skhirate- Témara,Skhirate,501,5,122705,795389.2572,node/21141275,248429.9717,2983,0,Non desservi,-7.03876446,33.84686144
21698,8839a868bbfffff,5642,795487.267,Skhirate- Témara,Skhirate,501,5,122705,795487.2665,node/21141275,742419.1088,5266,4,Modérément desservi,-7.04588779,33.84588815
21699,8839a868b9fffff,237,795585.24,Skhirate- Témara,Skhirate,501,5,122705,795585.2397,node/21141275,6438.019458,2,0,Non desservi,-7.05112479,33.84603175
21702,8839a868b3fffff,2211,795433.986,Skhirate- Témara,Skhirate,501,5,122705,795433.9856,node/21141275,479331.9563,1332,2,Modérément desservi,-7.0431107,33.83879688
21700,8839a868b7fffff,431,795478.662,Skhirate- Témara,Skhirate,501,5,122705,755571.5076,node/21141275,34421.98663,19,0,Non desservi,-7.04695874,33.83582584
21483,8839a86d6bfffff,1988,795246.413,Skhirate- Témara,Skhirate,501,5,122705,795246.4128,node/21141275,4281.953252,11,0,Non desservi,-7.01905285,33.85730079
21500,8839a86d45fffff,3367,795299.645,Skhirate- Témara,Skhirate,501,5,122705,795299.6451,node/21141275,539793.7566,2285,0,Non desservi,-7.02627734,33.85847437
21499,8839a86d47fffff,1981,795201.562,Skhirate- Témara,Skhirate,501,5,122705,795201.562,node/21141275,493444.8109,1229,2,Modérément desservi,-7.01349741,33.86092066
21502,8839a86d41fffff,579,795254.762,Skhirate- Témara,Skhirate,501,5,122705,795254.7615,node/21141275,277205.2906,202,0,Non desservi,-7.01696026,33.86549529
21501,8839a86d43fffff,1788,795156.66,Skhirate- Témara,Skhirate,501,5,122705,795156.6596,node/21141275,444890.183,1000,2,Modérément desservi,-7.00949091,33.86521012
21526,8839a86d09fffff,2413,795103.443,Skhirate- Témara,Skhirate,501,5,122705,795103.4429,node/21141275,23474.38186,71,0,Non desservi,-7.00786838,33.86090107
5616,8839ab9a8bfffff,20685,792667.335,Salé,Hssaine,441,6,234326,792667.3348,node/21141275,629762.8887,16434,2,Modérément desservi,-6.72697772,33.99722636
5620,8839ab9a83fffff,4836,792614.502,Salé,Hssaine,441,6,234326,792587.5424,node/21141275,584502.9528,3566,2,Modérément desservi,-6.72343005,33.98968339
21707,8839a868a7fffff,724,795719.156,Skhirate- Témara,Skhirate,501,5,122705,795719.1562,node/21141275,343858.5199,313,3,Modérément desservi,-7.0743897,33.82792734
21708,8839a868a5fffff,477,795817.037,Skhirate- Témara,Skhirate,501,5,122705,795817.0365,node/21141275,31747.64801,19,0,Non desservi,-7.07918121,33.82789501
21709,8839a868a3fffff,234,795674.569,Skhirate- Témara,Skhirate,501,5,122705,795674.5692,node/21141275,194525.1341,57,0,Non desservi,-7.07164337,33.83204872
21710,8839a868a1fffff,517,795772.468,Skhirate- Témara,Skhirate,501,5,122705,795772.4684,node/21141275,302968.2536,197,0,Non desservi,-7.07643957,33.83193239
5632,8839ab9a57fffff,2611,793313.746,Salé,Bettana,441,5,76233,726143.6101,node/21141275,188002.4783,619,0,Non desservi,-6.7894489,34.01292959
5632,8839ab9a57fffff,2611,793313.746,Salé,Hssaine,441,6,234326,67170.15578,node/21141275,3488.423517,11,0,Non desservi,-6.78675983,34.0107239
5590,8839ab9acdfffff,1625,793017.091,Salé,Hssaine,441,6,234326,793017.091,node/21141275,62318.82657,128,0,Non desservi,-6.7643031,34.00494593
5979,8839ab9325fffff,565,793535.934,Salé,Bab Lamrissa,441,3,167319,148837.5191,node/21141275,148636.4062,106,0,Non desservi,-6.80140254,34.07126199
5972,8839ab933bfffff,1784,793198.565,Salé,Layayda,441,7,229838,130623.1966,node/21141275,64724.96568,146,0,Non desservi,-6.77039962,34.08983087
5973,8839ab9339fffff,2059,793297.439,Salé,Layayda,441,7,229838,571882.4684,node/21141275,481980.0688,1251,3,Modérément desservi,-6.77722339,34.09157804
5592,8839ab9ac9fffff,2312,792970.834,Salé,Hssaine,441,6,234326,792970.8344,node/21141275,129993.2822,379,0,Non desservi,-6.75876171,34.01708161
5564,8839ab9b1dfffff,1403,793582.812,Rabat,Souissi,421,6,21049,793582.8117,node/21141275,424884.9258,751,2,Modérément desservi,-6.82692006,33.95233307
5570,8839ab9b11fffff,1296,793484.074,Rabat,Souissi,421,6,21049,793484.0739,node/21141275,426710.0319,697,0,Non desservi,-6.82160292,33.95098842
5568,8839ab9b15fffff,454,793529.851,Rabat,Souissi,421,6,21049,793529.851,node/21141275,365533.5693,209,2,Modérément desservi,-6.82375516,33.94586575
5567,8839ab9b17fffff,829,793431.096,Rabat,Souissi,421,6,21049,793431.0962,node/21141275,29878.14267,31,0,Non desservi,-6.81892729,33.94591615
5710,8839ab9947fffff,72,793507.398,Rabat,Souissi,421,6,21049,387807.8057,node/21141275,352669.529,32,2,Modérément desservi,-6.82838125,33.9001059
5737,8839ab9909fffff,6,793408.647,Rabat,Souissi,421,6,21049,110312.5115,node/21141275,53267.53995,0,0,Non desservi,-6.82428447,33.89962458
5650,8839ab9a2bfffff,6201,793399.264,Rabat,El Youssoufia,421,3,157587,530463.6651,node/21141275,169013.1815,1321,0,Non desservi,-6.80507969,33.98437519
5650,8839ab9a2bfffff,6201,793399.264,Rabat,Souissi,421,6,21049,262935.6082,node/21141275,2293.698674,18,0,Non desservi,-6.80088301,33.98302868
5666,8839ab9a07fffff,13279,793353.249,Rabat,El Youssoufia,421,3,157587,755370.2164,node/21141275,676733.3448,11327,7,Bien desservi,-6.79946098,33.98843266
5666,8839ab9a07fffff,13279,793353.249,Rabat,Souissi,421,6,21049,37983.0392,node/21141275,2930.662576,49,0,Non desservi,-6.799886,33.98372389
5669,8839ab9a01fffff,735,793405.996,Rabat,El Youssoufia,421,3,157587,407675.2479,node/21141275,229551.1867,213,0,Non desservi,-6.80374223,33.99212503
5669,8839ab9a01fffff,735,793405.996,Salé,Bettana,441,5,76233,385730.7364,node/21141275,29084.7696,27,0,Non desservi,-6.79989145,33.9949475
21430,8839a86e8bfffff,23,794371.432,Rabat,Yacoub El Mansour,421,9,168391,794371.4323,node/21141275,87102.5656,3,0,Non desservi,-6.90793873,33.96153341
21740,8839a865a9fffff,7907,794188.477,Rabat,Yacoub El Mansour,421,9,168391,710033.4829,node/21141275,710033.4829,7069,9,Bien desservi,-6.88634996,33.98718782
5604,8839ab9aabfffff,199,792706.84,Salé,Hssaine,441,6,234326,792706.8403,node/21141275,257985.7321,65,0,Non desservi,-6.73672232,33.97690411
5605,8839ab9aa9fffff,1413,792805.864,Salé,Hssaine,441,6,234326,792805.864,node/21141275,239629.7267,427,0,Non desservi,-6.74177776,33.97776152
21542,8839a86cd5fffff,4256,794053.74,Skhirate- Témara,Témara,501,7,297098,794053.7395,node/21141275,39531.63618,212,0,Non desservi,-6.8890813,33.91300984
21449,8839a86dcdfffff,194,794665.611,Skhirate- Témara,Ain Attig,501,9,73985,794665.6106,node/21141275,391844.5474,96,0,Non desservi,-6.96021878,33.86207141
21453,8839a86dc5fffff,642,794612.308,Skhirate- Témara,Ain Attig,501,9,73985,471002.551,node/21141275,356455.3243,288,2,Modérément desservi,-6.95176449,33.85627816
21455,8839a86dc1fffff,659,794567.293,Skhirate- Témara,Ain Attig,501,9,73985,794567.293,node/21141275,17648.30368,15,0,Non desservi,-6.95056139,33.85915402
21522,8839a86d13fffff,113,794710.607,Skhirate- Témara,Ain Attig,501,9,73985,771169.9918,node/21141275,244310.6317,35,0,Non desservi,-6.95910549,33.85736673
21602,8839a86c27fffff,117,794718.863,Skhirate- Témara,Ain Attig,501,9,73985,794718.8629,node/21141275,16041.92082,2,0,Non desservi,-6.9621485,33.86652822
21495,8839a86d51fffff,40,795013.549,Skhirate- Témara,Skhirate,501,5,122705,107122.6994,node/21141275,58618.02877,3,0,Non desservi,-6.99598284,33.87184078
21495,8839a86d51fffff,40,795013.549,Skhirate- Témara,Ain Attig,501,9,73985,687890.8492,node/21141275,49194.15879,2,0,Non desservi,-6.98865569,33.87638846
21715,8839a86895fffff,454,795540.497,Skhirate- Témara,Skhirate,501,5,122705,795540.4972,node/21141275,4400.351043,3,0,Non desservi,-7.04537737,33.85210136
21489,8839a86d5dfffff,1105,795111.705,Skhirate- Témara,Skhirate,501,5,122705,795111.7054,node/21141275,386015.8771,536,2,Modérément desservi,-7.00082536,33.8724998
21493,8839a86d55fffff,1919,795058.522,Skhirate- Témara,Skhirate,501,5,122705,784463.741,node/21141275,280792.2111,678,0,Non desservi,-6.9987255,33.86833973
5586,8839ab9adbfffff,73,792627.444,Salé,Hssaine,441,6,234326,791772.7337,node/21141275,76720.0302,7,0,Non desservi,-6.72107938,34.02333802
5586,8839ab9adbfffff,73,792627.444,Salé,Layayda,441,7,229838,8.2287683,node/21141275,8.2287683,0,0,Non desservi,-6.71909853,34.02476793
6042,8839ab91e7fffff,282,792581.03,Salé,Layayda,441,7,229838,73547.35485,node/21141275,1682.747883,1,0,Non desservi,-6.7181244,34.02686508
6043,8839ab91e5fffff,2486,792680.111,Salé,Hssaine,441,6,234326,220099.6109,node/21141275,220099.6109,690,1,Peu desservi,-6.72554565,34.02567133
6043,8839ab91e5fffff,2486,792680.111,Salé,Layayda,441,7,229838,568801.2623,node/21141275,431165.6584,1352,1,Peu desservi,-6.72258807,34.02806684
21401,8839a86ee7fffff,1392,794606.47,Skhirate- Témara,Harhoura,501,3,20950,784759.6714,node/21141275,724639.2091,1269,4,Modérément desservi,-6.93814931,33.93879517
21431,8839a86e89fffff,25,794469.849,Rabat,Yacoub El Mansour,421,9,168391,295718.6132,node/21141275,56138.36432,2,0,Non desservi,-6.92068921,33.95550769
21431,8839a86e89fffff,25,794469.849,Skhirate- Témara,Harhoura,501,3,20950,155176.9667,node/21141275,60913.6049,2,0,Non desservi,-6.92304642,33.95652894
21434,8839a86e81fffff,2,794417.043,Rabat,Yacoub El Mansour,421,9,168391,794417.0426,node/21141275,116313.6842,0,0,Non desservi,-6.91988637,33.95277783
21404,8839a86edbfffff,9,794332.766,Rabat,Yacoub El Mansour,421,9,168391,115261.8417,node/21141275,71885.25482,1,0,Non desservi,-6.90138185,33.97699613
21728,8839a865e3fffff,1,794241.119,Rabat,Yacoub El Mansour,421,9,168391,5634.683876,node/21141275,5634.683876,0,0,Non desservi,-6.88708533,33.99205425
5539,8839ab9b5dfffff,1290,793787.251,Rabat,Souissi,421,6,21049,793787.2514,node/21141275,768243.3462,1248,4,Modérément desservi,-6.84774893,33.96848964
5543,8839ab9b55fffff,1331,793734.408,Rabat,Souissi,421,6,21049,793734.4076,node/21141275,70867.65718,119,0,Non desservi,-6.84606897,33.96438895
21491,8839a86d59fffff,405,795066.7,Skhirate- Témara,Ain Attig,501,9,73985,410595.0287,node/21141275,22417.35604,11,0,Non desservi,-6.9910248,33.88227026
21577,8839a86c65fffff,623,795021.642,Skhirate- Témara,Ain Attig,501,9,73985,795021.6422,node/21141275,282408.138,221,0,Non desservi,-6.98827849,33.88630788
6085,8839ab9139fffff,1496,792930.751,Salé,Layayda,441,7,229838,792930.7514,node/21141275,578914.7063,1092,2,Modérément desservi,-6.74783598,34.03662209
6107,8839ab9107fffff,26,793029.71,Salé,Layayda,441,7,229838,793029.7096,node/21141275,8252.319588,0,0,Non desservi,-6.75312471,34.03624272
21410,8839a86eb9fffff,4507,794265.735,Skhirate- Témara,Témara,501,7,297098,744189.0851,node/21141275,538468.8838,3056,2,Modérément desservi,-6.90200093,33.9416197
5555,8839ab9b39fffff,76,793575.577,Rabat,Souissi,421,6,21049,793575.5768,node/21141275,1494.08411,0,0,Non desservi,-6.82589452,33.93647532
5988,8839ab9307fffff,1,793396.277,Salé,Layayda,441,7,229838,75612.95263,node/21141275,36354.84544,0,0,Non desservi,-6.782771,34.09228061
21496,8839a86d4dfffff,494,795352.827,Skhirate- Témara,Skhirate,501,5,122705,795352.8273,node/21141275,57511.19709,36,0,Non desservi,-7.02772472,33.87267215
21584,8839a86c55fffff,462,794742.627,Skhirate- Témara,Harhoura,501,3,20950,261841.174,node/21141275,41688.64348,24,0,Non desservi,-6.95991574,33.91876647
21727,8839a865e7fffff,1,794286.968,Rabat,Yacoub El Mansour,421,9,168391,30032.80551,node/21141275,23013.98161,0,0,Non desservi,-6.8924132,33.9855981
5644,8839ab9a39fffff,522,793254.419,Rabat,El Youssoufia,421,3,157587,440578.0882,node/21141275,5346.214025,4,0,Non desservi,-6.7938957,33.98992081
5668,8839ab9a03fffff,9,793307.183,Rabat,El Youssoufia,421,3,157587,155976.9968,node/21141275,128589.9035,1,0,Non desservi,-6.79611006,33.99277038
5668,8839ab9a03fffff,9,793307.183,Salé,Bettana,441,5,76233,291057.3212,node/21141275,20628.48488,0,0,Non desservi,-6.79760302,33.99489044
